Id,Каталог,Наименование,Краткое описание,Подробное описание,Цена 1,Вывод,Артикул,Характеристики,Приоритет,Заголовок,Meta description,Meta keywords,Маленькое изображение,Большое изображение,Подтип,Подчиненные товары,Склад,Вес,Единица измерения,Цвет,Услуги,Путь каталога
3997,,Вх. Конус + Вых. Полый шпонка,,,11250,1,UG-003-8,,8,,,,,/UserFiles/Image/Catalog/conechniki/КШпонка.svg ,0,,124,0,шт.,,0,Скрытые/Услуги/1Ц2У-160
3996,,Вх. Цилиндр + Вых. Полый шпонка,,,11250,1,UG-003-7,,7,,,,,/UserFiles/Image/Catalog/conechniki/ЦШпонка.svg ,0,,124,0,шт.,,0,Скрытые/Услуги/1Ц2У-160
3995,,Вх. Конус + Вых. Полый шлицы,,,15000,1,UG-003-6,,6,,,,,/UserFiles/Image/Catalog/conechniki/КШлиц.svg ,0,,124,0,шт.,,0,Скрытые/Услуги/1Ц2У-160
3994,,Вх. Цилиндр + Вых. Полый шлицы,,,15000,1,UG-003-5,,5,,,,,/UserFiles/Image/Catalog/conechniki/ЦШлиц.svg ,0,,124,0,шт.,,0,Скрытые/Услуги/1Ц2У-160
3993,,Вх. Цилиндр + Вых. Конус,,,7500,1,UG-003-4,,4,,,,,/UserFiles/Image/Catalog/conechniki/ЦК.svg ,0,,124,0,шт.,,0,Скрытые/Услуги/1Ц2У-160
3992,,Вх. Конус + Вых. Цилиндр,,,7500,1,UG-003-3,,3,,,,,/UserFiles/Image/Catalog/conechniki/КЦ.svg ,0,,124,0,шт.,,0,Скрытые/Услуги/1Ц2У-160
3991,,Вх. Цилиндр + Вых. Цилиндр,,,11250,1,UG-003-2,,2,,,,,/UserFiles/Image/Catalog/conechniki/ЦЦ.svg ,0,,124,0,шт.,,0,Скрытые/Услуги/1Ц2У-160
3990,,Вх. Конус + Вых. Конус,,,3750,1,UG-003-1,,1,,,,,/UserFiles/Image/Catalog/conechniki/КК.svg ,0,,124,0,шт.,,0,Скрытые/Услуги/1Ц2У-160
3291,,Редуктор 1Ц2У-160-УХЛ 40 33,,,59925,1,,,72,Редуктор 1Ц2У-160-УХЛ 40 33,Редуктор 1Ц2У-160-УХЛ 40 33,"1ц2у,редуктор,160,редуктор 1ц2у-160 1Ц2У-160-УХЛ 40 33",,,1,40,124,0,шт.,33,0,УХЛ/Двухступенчатые УХЛ
3290,,Редуктор 1Ц2У-160-УХЛ 40 32,,,59825,1,,,71,Редуктор 1Ц2У-160-УХЛ 40 32,Редуктор 1Ц2У-160-УХЛ 40 32,"1ц2у,редуктор,160,редуктор 1ц2у-160 1Ц2У-160-УХЛ 40 32",,,1,40,124,0,шт.,32,0,УХЛ/Двухступенчатые УХЛ
3289,,Редуктор 1Ц2У-160-УХЛ 40 31,,,59725,1,,,70,Редуктор 1Ц2У-160-УХЛ 40 31,Редуктор 1Ц2У-160-УХЛ 40 31,"1ц2у,редуктор,160,редуктор 1ц2у-160 1Ц2У-160-УХЛ 40 31",,,1,40,124,0,шт.,31,0,УХЛ/Двухступенчатые УХЛ
3288,,Редуктор 1Ц2У-160-УХЛ 40 23,,,59625,1,,,69,Редуктор 1Ц2У-160-УХЛ 40 23,Редуктор 1Ц2У-160-УХЛ 40 23,"1ц2у,редуктор,160,редуктор 1ц2у-160 1Ц2У-160-УХЛ 40 23",,,1,40,124,0,шт.,23,0,УХЛ/Двухступенчатые УХЛ
3287,,Редуктор 1Ц2У-160-УХЛ 40 22,,,59525,1,,,68,Редуктор 1Ц2У-160-УХЛ 40 22,Редуктор 1Ц2У-160-УХЛ 40 22,"1ц2у,редуктор,160,редуктор 1ц2у-160 1Ц2У-160-УХЛ 40 22",,,1,40,124,0,шт.,22,0,УХЛ/Двухступенчатые УХЛ
3286,,Редуктор 1Ц2У-160-УХЛ 40 21,,,59425,1,,,67,Редуктор 1Ц2У-160-УХЛ 40 21,Редуктор 1Ц2У-160-УХЛ 40 21,"1ц2у,редуктор,160,редуктор 1ц2у-160 1Ц2У-160-УХЛ 40 21",,,1,40,124,0,шт.,21,0,УХЛ/Двухступенчатые УХЛ
3285,,Редуктор 1Ц2У-160-УХЛ 40 13,,,59325,1,,,66,Редуктор 1Ц2У-160-УХЛ 40 13,Редуктор 1Ц2У-160-УХЛ 40 13,"1ц2у,редуктор,160,редуктор 1ц2у-160 1Ц2У-160-УХЛ 40 13",,,1,40,124,0,шт.,13,0,УХЛ/Двухступенчатые УХЛ
3284,,Редуктор 1Ц2У-160-УХЛ 40 12,,,59225,1,,,65,Редуктор 1Ц2У-160-УХЛ 40 12,Редуктор 1Ц2У-160-УХЛ 40 12,"1ц2у,редуктор,160,редуктор 1ц2у-160 1Ц2У-160-УХЛ 40 12",,,1,40,124,0,шт.,12,0,УХЛ/Двухступенчатые УХЛ
3283,,Редуктор 1Ц2У-160-УХЛ 40 11,,,59125,1,,,64,Редуктор 1Ц2У-160-УХЛ 40 11,Редуктор 1Ц2У-160-УХЛ 40 11,"1ц2у,редуктор,160,редуктор 1ц2у-160 1Ц2У-160-УХЛ 40 11",,,1,40,124,0,шт.,11,0,УХЛ/Двухступенчатые УХЛ
3282,,Редуктор 1Ц2У-160-УХЛ 31.5 33,,,59025,1,,,63,Редуктор 1Ц2У-160-УХЛ 31.5 33,Редуктор 1Ц2У-160-УХЛ 31.5 33,"1ц2у,редуктор,160,редуктор 1ц2у-160 1Ц2У-160-УХЛ 31.5 33",,,1,31.5,124,0,шт.,33,0,УХЛ/Двухступенчатые УХЛ
3281,,Редуктор 1Ц2У-160-УХЛ 31.5 32,,,58925,1,,,62,Редуктор 1Ц2У-160-УХЛ 31.5 32,Редуктор 1Ц2У-160-УХЛ 31.5 32,"1ц2у,редуктор,160,редуктор 1ц2у-160 1Ц2У-160-УХЛ 31.5 32",,,1,31.5,124,0,шт.,32,0,УХЛ/Двухступенчатые УХЛ
3280,,Редуктор 1Ц2У-160-УХЛ 31.5 31,,,58825,1,,,61,Редуктор 1Ц2У-160-УХЛ 31.5 31,Редуктор 1Ц2У-160-УХЛ 31.5 31,"1ц2у,редуктор,160,редуктор 1ц2у-160 1Ц2У-160-УХЛ 31.5 31",,,1,31.5,124,0,шт.,31,0,УХЛ/Двухступенчатые УХЛ
3279,,Редуктор 1Ц2У-160-УХЛ 31.5 23,,,58725,1,,,60,Редуктор 1Ц2У-160-УХЛ 31.5 23,Редуктор 1Ц2У-160-УХЛ 31.5 23,"1ц2у,редуктор,160,редуктор 1ц2у-160 1Ц2У-160-УХЛ 31.5 23",,,1,31.5,124,0,шт.,23,0,УХЛ/Двухступенчатые УХЛ
3278,,Редуктор 1Ц2У-160-УХЛ 31.5 22,,,58625,1,,,59,Редуктор 1Ц2У-160-УХЛ 31.5 22,Редуктор 1Ц2У-160-УХЛ 31.5 22,"1ц2у,редуктор,160,редуктор 1ц2у-160 1Ц2У-160-УХЛ 31.5 22",,,1,31.5,124,0,шт.,22,0,УХЛ/Двухступенчатые УХЛ
3277,,Редуктор 1Ц2У-160-УХЛ 31.5 21,,,58525,1,,,58,Редуктор 1Ц2У-160-УХЛ 31.5 21,Редуктор 1Ц2У-160-УХЛ 31.5 21,"1ц2у,редуктор,160,редуктор 1ц2у-160 1Ц2У-160-УХЛ 31.5 21",,,1,31.5,124,0,шт.,21,0,УХЛ/Двухступенчатые УХЛ
3276,,Редуктор 1Ц2У-160-УХЛ 31.5 13,,,58425,1,,,57,Редуктор 1Ц2У-160-УХЛ 31.5 13,Редуктор 1Ц2У-160-УХЛ 31.5 13,"1ц2у,редуктор,160,редуктор 1ц2у-160 1Ц2У-160-УХЛ 31.5 13",,,1,31.5,124,0,шт.,13,0,УХЛ/Двухступенчатые УХЛ
3275,,Редуктор 1Ц2У-160-УХЛ 31.5 12,,,58325,1,,,56,Редуктор 1Ц2У-160-УХЛ 31.5 12,Редуктор 1Ц2У-160-УХЛ 31.5 12,"1ц2у,редуктор,160,редуктор 1ц2у-160 1Ц2У-160-УХЛ 31.5 12",,,1,31.5,124,0,шт.,12,0,УХЛ/Двухступенчатые УХЛ
3274,,Редуктор 1Ц2У-160-УХЛ 31.5 11,,,58225,1,,,55,Редуктор 1Ц2У-160-УХЛ 31.5 11,Редуктор 1Ц2У-160-УХЛ 31.5 11,"1ц2у,редуктор,160,редуктор 1ц2у-160 1Ц2У-160-УХЛ 31.5 11",,,1,31.5,124,0,шт.,11,0,УХЛ/Двухступенчатые УХЛ
3273,,Редуктор 1Ц2У-160-УХЛ 25 33,,,58125,1,,,54,Редуктор 1Ц2У-160-УХЛ 25 33,Редуктор 1Ц2У-160-УХЛ 25 33,"1ц2у,редуктор,160,редуктор 1ц2у-160 1Ц2У-160-УХЛ 25 33",,,1,25,124,0,шт.,33,0,УХЛ/Двухступенчатые УХЛ
3272,,Редуктор 1Ц2У-160-УХЛ 25 32,,,72250,1,,,53,Редуктор 1Ц2У-160-УХЛ 25 32,Редуктор 1Ц2У-160-УХЛ 25 32,"1ц2у,редуктор,160,редуктор 1ц2у-160 1Ц2У-160-УХЛ 25 32",,,1,25,124,0,шт.,32,0,УХЛ/Двухступенчатые УХЛ
3271,,Редуктор 1Ц2У-160-УХЛ 25 31,,,72135,1,,,52,Редуктор 1Ц2У-160-УХЛ 25 31,Редуктор 1Ц2У-160-УХЛ 25 31,"1ц2у,редуктор,160,редуктор 1ц2у-160 1Ц2У-160-УХЛ 25 31",,,1,25,124,0,шт.,31,0,УХЛ/Двухступенчатые УХЛ
3270,,Редуктор 1Ц2У-160-УХЛ 25 23,,,72020,1,,,51,Редуктор 1Ц2У-160-УХЛ 25 23,Редуктор 1Ц2У-160-УХЛ 25 23,"1ц2у,редуктор,160,редуктор 1ц2у-160 1Ц2У-160-УХЛ 25 23",,,1,25,124,0,шт.,23,0,УХЛ/Двухступенчатые УХЛ
3269,,Редуктор 1Ц2У-160-УХЛ 25 22,,,71905,1,,,50,Редуктор 1Ц2У-160-УХЛ 25 22,Редуктор 1Ц2У-160-УХЛ 25 22,"1ц2у,редуктор,160,редуктор 1ц2у-160 1Ц2У-160-УХЛ 25 22",,,1,25,124,0,шт.,22,0,УХЛ/Двухступенчатые УХЛ
3268,,Редуктор 1Ц2У-160-УХЛ 25 21,,,71790,1,,,49,Редуктор 1Ц2У-160-УХЛ 25 21,Редуктор 1Ц2У-160-УХЛ 25 21,"1ц2у,редуктор,160,редуктор 1ц2у-160 1Ц2У-160-УХЛ 25 21",,,1,25,124,0,шт.,21,0,УХЛ/Двухступенчатые УХЛ
3267,,Редуктор 1Ц2У-160-УХЛ 25 13,,,71675,1,,,48,Редуктор 1Ц2У-160-УХЛ 25 13,Редуктор 1Ц2У-160-УХЛ 25 13,"1ц2у,редуктор,160,редуктор 1ц2у-160 1Ц2У-160-УХЛ 25 13",,,1,25,124,0,шт.,13,0,УХЛ/Двухступенчатые УХЛ
3266,,Редуктор 1Ц2У-160-УХЛ 25 12,,,71560,1,,,47,Редуктор 1Ц2У-160-УХЛ 25 12,Редуктор 1Ц2У-160-УХЛ 25 12,"1ц2у,редуктор,160,редуктор 1ц2у-160 1Ц2У-160-УХЛ 25 12",,,1,25,124,0,шт.,12,0,УХЛ/Двухступенчатые УХЛ
3265,,Редуктор 1Ц2У-160-УХЛ 25 11,,,71445,1,,,46,Редуктор 1Ц2У-160-УХЛ 25 11,Редуктор 1Ц2У-160-УХЛ 25 11,"1ц2у,редуктор,160,редуктор 1ц2у-160 1Ц2У-160-УХЛ 25 11",,,1,25,124,0,шт.,11,0,УХЛ/Двухступенчатые УХЛ
3264,,Редуктор 1Ц2У-160-УХЛ 20 33,,,71330,1,,,45,Редуктор 1Ц2У-160-УХЛ 20 33,Редуктор 1Ц2У-160-УХЛ 20 33,"1ц2у,редуктор,160,редуктор 1ц2у-160 1Ц2У-160-УХЛ 20 33",,,1,20,124,0,шт.,33,0,УХЛ/Двухступенчатые УХЛ
3263,,Редуктор 1Ц2У-160-УХЛ 20 32,,,71215,1,,,44,Редуктор 1Ц2У-160-УХЛ 20 32,Редуктор 1Ц2У-160-УХЛ 20 32,"1ц2у,редуктор,160,редуктор 1ц2у-160 1Ц2У-160-УХЛ 20 32",,,1,20,124,0,шт.,32,0,УХЛ/Двухступенчатые УХЛ
3262,,Редуктор 1Ц2У-160-УХЛ 20 31,,,71100,1,,,43,Редуктор 1Ц2У-160-УХЛ 20 31,Редуктор 1Ц2У-160-УХЛ 20 31,"1ц2у,редуктор,160,редуктор 1ц2у-160 1Ц2У-160-УХЛ 20 31",,,1,20,124,0,шт.,31,0,УХЛ/Двухступенчатые УХЛ
3261,,Редуктор 1Ц2У-160-УХЛ 20 23,,,70985,1,,,42,Редуктор 1Ц2У-160-УХЛ 20 23,Редуктор 1Ц2У-160-УХЛ 20 23,"1ц2у,редуктор,160,редуктор 1ц2у-160 1Ц2У-160-УХЛ 20 23",,,1,20,124,0,шт.,23,0,УХЛ/Двухступенчатые УХЛ
3260,,Редуктор 1Ц2У-160-УХЛ 20 22,,,70870,1,,,41,Редуктор 1Ц2У-160-УХЛ 20 22,Редуктор 1Ц2У-160-УХЛ 20 22,"1ц2у,редуктор,160,редуктор 1ц2у-160 1Ц2У-160-УХЛ 20 22",,,1,20,124,0,шт.,22,0,УХЛ/Двухступенчатые УХЛ
3259,,Редуктор 1Ц2У-160-УХЛ 20 21,,,70755,1,,,40,Редуктор 1Ц2У-160-УХЛ 20 21,Редуктор 1Ц2У-160-УХЛ 20 21,"1ц2у,редуктор,160,редуктор 1ц2у-160 1Ц2У-160-УХЛ 20 21",,,1,20,124,0,шт.,21,0,УХЛ/Двухступенчатые УХЛ
3258,,Редуктор 1Ц2У-160-УХЛ 20 13,,,70640,1,,,39,Редуктор 1Ц2У-160-УХЛ 20 13,Редуктор 1Ц2У-160-УХЛ 20 13,"1ц2у,редуктор,160,редуктор 1ц2у-160 1Ц2У-160-УХЛ 20 13",,,1,20,124,0,шт.,13,0,УХЛ/Двухступенчатые УХЛ
3257,,Редуктор 1Ц2У-160-УХЛ 20 12,,,70525,1,,,38,Редуктор 1Ц2У-160-УХЛ 20 12,Редуктор 1Ц2У-160-УХЛ 20 12,"1ц2у,редуктор,160,редуктор 1ц2у-160 1Ц2У-160-УХЛ 20 12",,,1,20,124,0,шт.,12,0,УХЛ/Двухступенчатые УХЛ
3256,,Редуктор 1Ц2У-160-УХЛ 20 11,,,70410,1,,,37,Редуктор 1Ц2У-160-УХЛ 20 11,Редуктор 1Ц2У-160-УХЛ 20 11,"1ц2у,редуктор,160,редуктор 1ц2у-160 1Ц2У-160-УХЛ 20 11",,,1,20,124,0,шт.,11,0,УХЛ/Двухступенчатые УХЛ
3255,,Редуктор 1Ц2У-160-УХЛ 16 33,,,70295,1,,,36,Редуктор 1Ц2У-160-УХЛ 16 33,Редуктор 1Ц2У-160-УХЛ 16 33,"1ц2у,редуктор,160,редуктор 1ц2у-160 1Ц2У-160-УХЛ 16 33",,,1,16,124,0,шт.,33,0,УХЛ/Двухступенчатые УХЛ
3254,,Редуктор 1Ц2У-160-УХЛ 16 32,,,70180,1,,,35,Редуктор 1Ц2У-160-УХЛ 16 32,Редуктор 1Ц2У-160-УХЛ 16 32,"1ц2у,редуктор,160,редуктор 1ц2у-160 1Ц2У-160-УХЛ 16 32",,,1,16,124,0,шт.,32,0,УХЛ/Двухступенчатые УХЛ
3253,,Редуктор 1Ц2У-160-УХЛ 16 31,,,70065,1,,,34,Редуктор 1Ц2У-160-УХЛ 16 31,Редуктор 1Ц2У-160-УХЛ 16 31,"1ц2у,редуктор,160,редуктор 1ц2у-160 1Ц2У-160-УХЛ 16 31",,,1,16,124,0,шт.,31,0,УХЛ/Двухступенчатые УХЛ
3252,,Редуктор 1Ц2У-160-УХЛ 16 23,,,69950,1,,,33,Редуктор 1Ц2У-160-УХЛ 16 23,Редуктор 1Ц2У-160-УХЛ 16 23,"1ц2у,редуктор,160,редуктор 1ц2у-160 1Ц2У-160-УХЛ 16 23",,,1,16,124,0,шт.,23,0,УХЛ/Двухступенчатые УХЛ
3251,,Редуктор 1Ц2У-160-УХЛ 16 22,,,69835,1,,,32,Редуктор 1Ц2У-160-УХЛ 16 22,Редуктор 1Ц2У-160-УХЛ 16 22,"1ц2у,редуктор,160,редуктор 1ц2у-160 1Ц2У-160-УХЛ 16 22",,,1,16,124,0,шт.,22,0,УХЛ/Двухступенчатые УХЛ
3250,,Редуктор 1Ц2У-160-УХЛ 16 21,,,69720,1,,,31,Редуктор 1Ц2У-160-УХЛ 16 21,Редуктор 1Ц2У-160-УХЛ 16 21,"1ц2у,редуктор,160,редуктор 1ц2у-160 1Ц2У-160-УХЛ 16 21",,,1,16,124,0,шт.,21,0,УХЛ/Двухступенчатые УХЛ
3249,,Редуктор 1Ц2У-160-УХЛ 16 13,,,69605,1,,,30,Редуктор 1Ц2У-160-УХЛ 16 13,Редуктор 1Ц2У-160-УХЛ 16 13,"1ц2у,редуктор,160,редуктор 1ц2у-160 1Ц2У-160-УХЛ 16 13",,,1,16,124,0,шт.,13,0,УХЛ/Двухступенчатые УХЛ
3248,,Редуктор 1Ц2У-160-УХЛ 16 12,,,69490,1,,,29,Редуктор 1Ц2У-160-УХЛ 16 12,Редуктор 1Ц2У-160-УХЛ 16 12,"1ц2у,редуктор,160,редуктор 1ц2у-160 1Ц2У-160-УХЛ 16 12",,,1,16,124,0,шт.,12,0,УХЛ/Двухступенчатые УХЛ
3247,,Редуктор 1Ц2У-160-УХЛ 16 11,,,69375,1,,,28,Редуктор 1Ц2У-160-УХЛ 16 11,Редуктор 1Ц2У-160-УХЛ 16 11,"1ц2у,редуктор,160,редуктор 1ц2у-160 1Ц2У-160-УХЛ 16 11",,,1,16,124,0,шт.,11,0,УХЛ/Двухступенчатые УХЛ
3246,,Редуктор 1Ц2У-160-УХЛ 12.5 33,,,78375,1,,,27,Редуктор 1Ц2У-160-УХЛ 12.5 33,Редуктор 1Ц2У-160-УХЛ 12.5 33,"1ц2у,редуктор,160,редуктор 1ц2у-160 1Ц2У-160-УХЛ 12.5 33",,,1,12.5,124,0,шт.,33,0,УХЛ/Двухступенчатые УХЛ
3245,,Редуктор 1Ц2У-160-УХЛ 12.5 32,,,78250,1,,,26,Редуктор 1Ц2У-160-УХЛ 12.5 32,Редуктор 1Ц2У-160-УХЛ 12.5 32,"1ц2у,редуктор,160,редуктор 1ц2у-160 1Ц2У-160-УХЛ 12.5 32",,,1,12.5,124,0,шт.,32,0,УХЛ/Двухступенчатые УХЛ
3244,,Редуктор 1Ц2У-160-УХЛ 12.5 31,,,78125,1,,,25,Редуктор 1Ц2У-160-УХЛ 12.5 31,Редуктор 1Ц2У-160-УХЛ 12.5 31,"1ц2у,редуктор,160,редуктор 1ц2у-160 1Ц2У-160-УХЛ 12.5 31",,,1,12.5,124,0,шт.,31,0,УХЛ/Двухступенчатые УХЛ
3243,,Редуктор 1Ц2У-160-УХЛ 12.5 23,,,78000,1,,,24,Редуктор 1Ц2У-160-УХЛ 12.5 23,Редуктор 1Ц2У-160-УХЛ 12.5 23,"1ц2у,редуктор,160,редуктор 1ц2у-160 1Ц2У-160-УХЛ 12.5 23",,,1,12.5,124,0,шт.,23,0,УХЛ/Двухступенчатые УХЛ
3242,,Редуктор 1Ц2У-160-УХЛ 12.5 22,,,77875,1,,,23,Редуктор 1Ц2У-160-УХЛ 12.5 22,Редуктор 1Ц2У-160-УХЛ 12.5 22,"1ц2у,редуктор,160,редуктор 1ц2у-160 1Ц2У-160-УХЛ 12.5 22",,,1,12.5,124,0,шт.,22,0,УХЛ/Двухступенчатые УХЛ
3241,,Редуктор 1Ц2У-160-УХЛ 12.5 21,,,77750,1,,,22,Редуктор 1Ц2У-160-УХЛ 12.5 21,Редуктор 1Ц2У-160-УХЛ 12.5 21,"1ц2у,редуктор,160,редуктор 1ц2у-160 1Ц2У-160-УХЛ 12.5 21",,,1,12.5,124,0,шт.,21,0,УХЛ/Двухступенчатые УХЛ
3240,,Редуктор 1Ц2У-160-УХЛ 12.5 13,,,77625,1,,,21,Редуктор 1Ц2У-160-УХЛ 12.5 13,Редуктор 1Ц2У-160-УХЛ 12.5 13,"1ц2у,редуктор,160,редуктор 1ц2у-160 1Ц2У-160-УХЛ 12.5 13",,,1,12.5,124,0,шт.,13,0,УХЛ/Двухступенчатые УХЛ
3239,,Редуктор 1Ц2У-160-УХЛ 12.5 12,,,77500,1,,,20,Редуктор 1Ц2У-160-УХЛ 12.5 12,Редуктор 1Ц2У-160-УХЛ 12.5 12,"1ц2у,редуктор,160,редуктор 1ц2у-160 1Ц2У-160-УХЛ 12.5 12",,,1,12.5,124,0,шт.,12,0,УХЛ/Двухступенчатые УХЛ
3238,,Редуктор 1Ц2У-160-УХЛ 12.5 11,,,77375,1,,,19,Редуктор 1Ц2У-160-УХЛ 12.5 11,Редуктор 1Ц2У-160-УХЛ 12.5 11,"1ц2у,редуктор,160,редуктор 1ц2у-160 1Ц2У-160-УХЛ 12.5 11",,,1,12.5,124,0,шт.,11,0,УХЛ/Двухступенчатые УХЛ
3237,,Редуктор 1Ц2У-160-УХЛ 10 33,,,77250,1,,,18,Редуктор 1Ц2У-160-УХЛ 10 33,Редуктор 1Ц2У-160-УХЛ 10 33,"1ц2у,редуктор,160,редуктор 1ц2у-160 1Ц2У-160-УХЛ 10 33",,,1,10,124,0,шт.,33,0,УХЛ/Двухступенчатые УХЛ
3236,,Редуктор 1Ц2У-160-УХЛ 10 32,,,77125,1,,,17,Редуктор 1Ц2У-160-УХЛ 10 32,Редуктор 1Ц2У-160-УХЛ 10 32,"1ц2у,редуктор,160,редуктор 1ц2у-160 1Ц2У-160-УХЛ 10 32",,,1,10,124,0,шт.,32,0,УХЛ/Двухступенчатые УХЛ
3235,,Редуктор 1Ц2У-160-УХЛ 10 31,,,77000,1,,,16,Редуктор 1Ц2У-160-УХЛ 10 31,Редуктор 1Ц2У-160-УХЛ 10 31,"1ц2у,редуктор,160,редуктор 1ц2у-160 1Ц2У-160-УХЛ 10 31",,,1,10,124,0,шт.,31,0,УХЛ/Двухступенчатые УХЛ
3234,,Редуктор 1Ц2У-160-УХЛ 10 23,,,76875,1,,,15,Редуктор 1Ц2У-160-УХЛ 10 23,Редуктор 1Ц2У-160-УХЛ 10 23,"1ц2у,редуктор,160,редуктор 1ц2у-160 1Ц2У-160-УХЛ 10 23",,,1,10,124,0,шт.,23,0,УХЛ/Двухступенчатые УХЛ
3233,,Редуктор 1Ц2У-160-УХЛ 10 22,,,76750,1,,,14,Редуктор 1Ц2У-160-УХЛ 10 22,Редуктор 1Ц2У-160-УХЛ 10 22,"1ц2у,редуктор,160,редуктор 1ц2у-160 1Ц2У-160-УХЛ 10 22",,,1,10,124,0,шт.,22,0,УХЛ/Двухступенчатые УХЛ
3232,,Редуктор 1Ц2У-160-УХЛ 10 21,,,76625,1,,,13,Редуктор 1Ц2У-160-УХЛ 10 21,Редуктор 1Ц2У-160-УХЛ 10 21,"1ц2у,редуктор,160,редуктор 1ц2у-160 1Ц2У-160-УХЛ 10 21",,,1,10,124,0,шт.,21,0,УХЛ/Двухступенчатые УХЛ
3231,,Редуктор 1Ц2У-160-УХЛ 10 13,,,76500,1,,,12,Редуктор 1Ц2У-160-УХЛ 10 13,Редуктор 1Ц2У-160-УХЛ 10 13,"1ц2у,редуктор,160,редуктор 1ц2у-160 1Ц2У-160-УХЛ 10 13",,,1,10,124,0,шт.,13,0,УХЛ/Двухступенчатые УХЛ
3230,,Редуктор 1Ц2У-160-УХЛ 10 12,,,76375,1,,,11,Редуктор 1Ц2У-160-УХЛ 10 12,Редуктор 1Ц2У-160-УХЛ 10 12,"1ц2у,редуктор,160,редуктор 1ц2у-160 1Ц2У-160-УХЛ 10 12",,,1,10,124,0,шт.,12,0,УХЛ/Двухступенчатые УХЛ
3229,,Редуктор 1Ц2У-160-УХЛ 10 11,,,76250,1,,,10,Редуктор 1Ц2У-160-УХЛ 10 11,Редуктор 1Ц2У-160-УХЛ 10 11,"1ц2у,редуктор,160,редуктор 1ц2у-160 1Ц2У-160-УХЛ 10 11",,,1,10,124,0,шт.,11,0,УХЛ/Двухступенчатые УХЛ
3228,,Редуктор 1Ц2У-160-УХЛ 8 33,,,76125,1,,,9,Редуктор 1Ц2У-160-УХЛ 8 33,Редуктор 1Ц2У-160-УХЛ 8 33,"1ц2у,редуктор,160,редуктор 1ц2у-160 1Ц2У-160-УХЛ 8 33",,,1,8,1564,0,шт.,33,0,УХЛ/Двухступенчатые УХЛ
3227,,Редуктор 1Ц2У-160-УХЛ 8 32,,,76000,1,,,8,Редуктор 1Ц2У-160-УХЛ 8 32,Редуктор 1Ц2У-160-УХЛ 8 32,"1ц2у,редуктор,160,редуктор 1ц2у-160 1Ц2У-160-УХЛ 8 32",,,1,8,1456,0,шт.,32,0,УХЛ/Двухступенчатые УХЛ
3226,,Редуктор 1Ц2У-160-УХЛ 8 31,,,75875,1,,,7,Редуктор 1Ц2У-160-УХЛ 8 31,Редуктор 1Ц2У-160-УХЛ 8 31,"1ц2у,редуктор,160,редуктор 1ц2у-160 1Ц2У-160-УХЛ 8 31",,,1,8,1532,0,шт.,31,0,УХЛ/Двухступенчатые УХЛ
3225,,Редуктор 1Ц2У-160-УХЛ 8 23,,,75750,1,,,6,Редуктор 1Ц2У-160-УХЛ 8 23,Редуктор 1Ц2У-160-УХЛ 8 23,"1ц2у,редуктор,160,редуктор 1ц2у-160 1Ц2У-160-УХЛ 8 23",,,1,8,121,0,шт.,23,0,УХЛ/Двухступенчатые УХЛ
3224,,Редуктор 1Ц2У-160-УХЛ 8 22,,,75625,1,,,5,Редуктор 1Ц2У-160-УХЛ 8 22,Редуктор 1Ц2У-160-УХЛ 8 22,"1ц2у,редуктор,160,редуктор 1ц2у-160 1Ц2У-160-УХЛ 8 22",,,1,8,166,0,шт.,22,0,УХЛ/Двухступенчатые УХЛ
3223,,Редуктор 1Ц2У-160-УХЛ 8 21,,,75500,1,,,4,Редуктор 1Ц2У-160-УХЛ 8 21,Редуктор 1Ц2У-160-УХЛ 8 21,"1ц2у,редуктор,160,редуктор 1ц2у-160 1Ц2У-160-УХЛ 8 21",,,1,8,162,0,шт.,21,0,УХЛ/Двухступенчатые УХЛ
3222,,Редуктор 1Ц2У-160-УХЛ 8 13,,,75375,1,,,3,Редуктор 1Ц2У-160-УХЛ 8 13,Редуктор 1Ц2У-160-УХЛ 8 13,"1ц2у,редуктор,160,редуктор 1ц2у-160 1Ц2У-160-УХЛ 8 13",,,1,8,456,0,шт.,13,0,УХЛ/Двухступенчатые УХЛ
3221,,Редуктор 1Ц2У-160-УХЛ 8 12,,,75250,1,,,2,Редуктор 1Ц2У-160-УХЛ 8 12,Редуктор 1Ц2У-160-УХЛ 8 12,"1ц2у,редуктор,160,редуктор 1ц2у-160 1Ц2У-160-УХЛ 8 12",,,1,8,452,0,шт.,12,0,УХЛ/Двухступенчатые УХЛ
3220,,Редуктор 1Ц2У-160-УХЛ 8 11,,,75125,1,,,1,Редуктор 1Ц2У-160-УХЛ 8 11,Редуктор 1Ц2У-160-УХЛ 8 11,"1ц2у,редуктор,160,редуктор 1ц2у-160 1Ц2У-160-УХЛ 8 11",,,1,8,248,0,шт.,11,0,УХЛ/Двухступенчатые УХЛ
3219,,Редуктор 1Ц2У-160-УХЛ,"<p>Откройте для себя надежный <strong>редуктор 1Ц2У-160</strong>, специально разработанный для повышения эффективности и долговечности ваших промышленных систем. Этот редуктор идеально подходит для различных применений, обеспечивая стабильную работу и минимизацию потерь энергии. Простой в установке и обслуживании, он станет неотъемлемой частью вашего оборудования. <strong>Качество и надежность</strong> — гарантированы!</p>","<p>Представляем вашему вниманию <strong>редуктор 1Ц2У-160</strong> — высокоэффективное решение для широкого спектра промышленных задач. Этот редуктор создан с учетом самых современных технологий, что обеспечивает его <strong>долговечность и надежность</strong> в работе. Корпус редуктора выполнен из высококачественных материалов, что дает дополнительную защиту от коррозии и механических повреждений. Его конструкция позволяет максимально эффективно передавать крутящий момент, что способствует значительной экономии энергии и снижению эксплуатационных затрат.

Редуктор 1Ц2У-160 прост в установке и обслуживании, что позволяет минимизировать время простоя оборудования и повысить общую производительность системы. Он подходит для использования в различных отраслях, включая машиностроение, металлообработку, транспорт и другие сферы, где требуется надежная передача мощности.

Выбирая <strong>редуктор 1Ц2У-160</strong>, вы инвестируете в <strong>передовые технологии и качество</strong>, которые обеспечат бесперебойную работу вашего оборудования на долгие годы. Доверяйте проверенным решениям и улучшайте произ
водительность ваших систем уже сегодня!</p>",75000,1,KG-003-4,"Тип передачи/Цилиндрический#Количество ступеней передачи/Двухступенчатый#Номинальный крутящий момент на выходном валу, Нхм, при непрерывном(Н) режиме работы (ПВ=100%)/1250#Номинальный крутящий момент на выходном валу, Нхм, при работе в повторно- кратковременных режимах/2500#Номинальная радиальная консольная нагрузка, приложенная в середине посадочной поверхности конца вала, Н входного вала/1450#Номинальная радиальная консольная нагрузка, приложенная в середине посадочной поверхности конца вала, Н выходного вала/12500#КПД, не менее, %/97",1,Редуктор 1Ц2У-160 – Надежные и высококачественные редукторы для промышленного оборудования ,"Купите редуктор 1Ц2У-160 по выгодной цене. Надежность, долговечность и высокая эффективность для вашего промышленного оборудования. Подходит для различных областей применения. Закажите сейчас! ","1ц2у,редуктор,160,редуктор 1ц2у-160 1Ц2У-160, купить 1ц2у,редуктор,160,редуктор 1ц2у-160, промышленные 1ц2у,редуктор,160,редуктор 1ц2у-160ы, 1ц2у,редуктор,160,редуктор 1ц2у-160ы для оборудования, надежные 1ц2у,редуктор,160,редуктор 1ц2у-160ы, 1ц2у,редуктор,160,редуктор 1ц2у-160 цена ",,"/UserFiles/Image/Catalog/1c2u/R1c2u_krangear.jpg,/UserFiles/Image/Catalog/1c2u/R1c2u_cborka_krangear.jpg",0,"3220,3221,3222,3223,3224,3225,3226,3227,3228,3229,3230,3231,3232,3233,3234,3235,3236,3237,3238,3239,3240,3241,3242,3243,3244,3245,3246,3247,3248,3249,3250,3251,3252,3253,3254,3255,3256,3257,3258,3259,3260,3261,3262,3263,3264,3265,3266,3267,3268,3269,3270,3271,3272,3273,3274,3275,3276,3277,3278,3279,3280,3281,3282,3283,3284,3285,3286,3287,3288,3289,3290,3291",13969,57000,шт.,,"3990,3991,3992,3993,3994,3995,3996,3997 ",УХЛ/Двухступенчатые УХЛ
3218,,Редуктор 1Ц2У-160-У1 40 33,,,59925,1,,,72,Редуктор 1Ц2У-160-У1 40 33,Редуктор 1Ц2У-160-У1 40 33,"1ц2у,редуктор,160,редуктор 1ц2у-160 1Ц2У-160-У1 40 33",,,1,40,124,0,шт.,33,0,У1/Двухступенчатые У1
3217,,Редуктор 1Ц2У-160-У1 40 32,,,59825,1,,,71,Редуктор 1Ц2У-160-У1 40 32,Редуктор 1Ц2У-160-У1 40 32,"1ц2у,редуктор,160,редуктор 1ц2у-160 1Ц2У-160-У1 40 32",,,1,40,124,0,шт.,32,0,У1/Двухступенчатые У1
3216,,Редуктор 1Ц2У-160-У1 40 31,,,59725,1,,,70,Редуктор 1Ц2У-160-У1 40 31,Редуктор 1Ц2У-160-У1 40 31,"1ц2у,редуктор,160,редуктор 1ц2у-160 1Ц2У-160-У1 40 31",,,1,40,124,0,шт.,31,0,У1/Двухступенчатые У1
3215,,Редуктор 1Ц2У-160-У1 40 23,,,59625,1,,,69,Редуктор 1Ц2У-160-У1 40 23,Редуктор 1Ц2У-160-У1 40 23,"1ц2у,редуктор,160,редуктор 1ц2у-160 1Ц2У-160-У1 40 23",,,1,40,124,0,шт.,23,0,У1/Двухступенчатые У1
3214,,Редуктор 1Ц2У-160-У1 40 22,,,59525,1,,,68,Редуктор 1Ц2У-160-У1 40 22,Редуктор 1Ц2У-160-У1 40 22,"1ц2у,редуктор,160,редуктор 1ц2у-160 1Ц2У-160-У1 40 22",,,1,40,124,0,шт.,22,0,У1/Двухступенчатые У1
3213,,Редуктор 1Ц2У-160-У1 40 21,,,59425,1,,,67,Редуктор 1Ц2У-160-У1 40 21,Редуктор 1Ц2У-160-У1 40 21,"1ц2у,редуктор,160,редуктор 1ц2у-160 1Ц2У-160-У1 40 21",,,1,40,124,0,шт.,21,0,У1/Двухступенчатые У1
3212,,Редуктор 1Ц2У-160-У1 40 13,,,59325,1,,,66,Редуктор 1Ц2У-160-У1 40 13,Редуктор 1Ц2У-160-У1 40 13,"1ц2у,редуктор,160,редуктор 1ц2у-160 1Ц2У-160-У1 40 13",,,1,40,124,0,шт.,13,0,У1/Двухступенчатые У1
3211,,Редуктор 1Ц2У-160-У1 40 12,,,59225,1,,,65,Редуктор 1Ц2У-160-У1 40 12,Редуктор 1Ц2У-160-У1 40 12,"1ц2у,редуктор,160,редуктор 1ц2у-160 1Ц2У-160-У1 40 12",,,1,40,124,0,шт.,12,0,У1/Двухступенчатые У1
3210,,Редуктор 1Ц2У-160-У1 40 11,,,59125,1,,,64,Редуктор 1Ц2У-160-У1 40 11,Редуктор 1Ц2У-160-У1 40 11,"1ц2у,редуктор,160,редуктор 1ц2у-160 1Ц2У-160-У1 40 11",,,1,40,124,0,шт.,11,0,У1/Двухступенчатые У1
3209,,Редуктор 1Ц2У-160-У1 31.5 33,,,59025,1,,,63,Редуктор 1Ц2У-160-У1 31.5 33,Редуктор 1Ц2У-160-У1 31.5 33,"1ц2у,редуктор,160,редуктор 1ц2у-160 1Ц2У-160-У1 31.5 33",,,1,31.5,124,0,шт.,33,0,У1/Двухступенчатые У1
3208,,Редуктор 1Ц2У-160-У1 31.5 32,,,58925,1,,,62,Редуктор 1Ц2У-160-У1 31.5 32,Редуктор 1Ц2У-160-У1 31.5 32,"1ц2у,редуктор,160,редуктор 1ц2у-160 1Ц2У-160-У1 31.5 32",,,1,31.5,124,0,шт.,32,0,У1/Двухступенчатые У1
3207,,Редуктор 1Ц2У-160-У1 31.5 31,,,58825,1,,,61,Редуктор 1Ц2У-160-У1 31.5 31,Редуктор 1Ц2У-160-У1 31.5 31,"1ц2у,редуктор,160,редуктор 1ц2у-160 1Ц2У-160-У1 31.5 31",,,1,31.5,124,0,шт.,31,0,У1/Двухступенчатые У1
3206,,Редуктор 1Ц2У-160-У1 31.5 23,,,58725,1,,,60,Редуктор 1Ц2У-160-У1 31.5 23,Редуктор 1Ц2У-160-У1 31.5 23,"1ц2у,редуктор,160,редуктор 1ц2у-160 1Ц2У-160-У1 31.5 23",,,1,31.5,124,0,шт.,23,0,У1/Двухступенчатые У1
3205,,Редуктор 1Ц2У-160-У1 31.5 22,,,58625,1,,,59,Редуктор 1Ц2У-160-У1 31.5 22,Редуктор 1Ц2У-160-У1 31.5 22,"1ц2у,редуктор,160,редуктор 1ц2у-160 1Ц2У-160-У1 31.5 22",,,1,31.5,124,0,шт.,22,0,У1/Двухступенчатые У1
3204,,Редуктор 1Ц2У-160-У1 31.5 21,,,58525,1,,,58,Редуктор 1Ц2У-160-У1 31.5 21,Редуктор 1Ц2У-160-У1 31.5 21,"1ц2у,редуктор,160,редуктор 1ц2у-160 1Ц2У-160-У1 31.5 21",,,1,31.5,124,0,шт.,21,0,У1/Двухступенчатые У1
3203,,Редуктор 1Ц2У-160-У1 31.5 13,,,58425,1,,,57,Редуктор 1Ц2У-160-У1 31.5 13,Редуктор 1Ц2У-160-У1 31.5 13,"1ц2у,редуктор,160,редуктор 1ц2у-160 1Ц2У-160-У1 31.5 13",,,1,31.5,124,0,шт.,13,0,У1/Двухступенчатые У1
3202,,Редуктор 1Ц2У-160-У1 31.5 12,,,58325,1,,,56,Редуктор 1Ц2У-160-У1 31.5 12,Редуктор 1Ц2У-160-У1 31.5 12,"1ц2у,редуктор,160,редуктор 1ц2у-160 1Ц2У-160-У1 31.5 12",,,1,31.5,124,0,шт.,12,0,У1/Двухступенчатые У1
3201,,Редуктор 1Ц2У-160-У1 31.5 11,,,58225,1,,,55,Редуктор 1Ц2У-160-У1 31.5 11,Редуктор 1Ц2У-160-У1 31.5 11,"1ц2у,редуктор,160,редуктор 1ц2у-160 1Ц2У-160-У1 31.5 11",,,1,31.5,124,0,шт.,11,0,У1/Двухступенчатые У1
3200,,Редуктор 1Ц2У-160-У1 25 33,,,58125,1,,,54,Редуктор 1Ц2У-160-У1 25 33,Редуктор 1Ц2У-160-У1 25 33,"1ц2у,редуктор,160,редуктор 1ц2у-160 1Ц2У-160-У1 25 33",,,1,25,124,0,шт.,33,0,У1/Двухступенчатые У1
3199,,Редуктор 1Ц2У-160-У1 25 32,,,72250,1,,,53,Редуктор 1Ц2У-160-У1 25 32,Редуктор 1Ц2У-160-У1 25 32,"1ц2у,редуктор,160,редуктор 1ц2у-160 1Ц2У-160-У1 25 32",,,1,25,124,0,шт.,32,0,У1/Двухступенчатые У1
3198,,Редуктор 1Ц2У-160-У1 25 31,,,72135,1,,,52,Редуктор 1Ц2У-160-У1 25 31,Редуктор 1Ц2У-160-У1 25 31,"1ц2у,редуктор,160,редуктор 1ц2у-160 1Ц2У-160-У1 25 31",,,1,25,124,0,шт.,31,0,У1/Двухступенчатые У1
3197,,Редуктор 1Ц2У-160-У1 25 23,,,72020,1,,,51,Редуктор 1Ц2У-160-У1 25 23,Редуктор 1Ц2У-160-У1 25 23,"1ц2у,редуктор,160,редуктор 1ц2у-160 1Ц2У-160-У1 25 23",,,1,25,124,0,шт.,23,0,У1/Двухступенчатые У1
3196,,Редуктор 1Ц2У-160-У1 25 22,,,71905,1,,,50,Редуктор 1Ц2У-160-У1 25 22,Редуктор 1Ц2У-160-У1 25 22,"1ц2у,редуктор,160,редуктор 1ц2у-160 1Ц2У-160-У1 25 22",,,1,25,124,0,шт.,22,0,У1/Двухступенчатые У1
3195,,Редуктор 1Ц2У-160-У1 25 21,,,71790,1,,,49,Редуктор 1Ц2У-160-У1 25 21,Редуктор 1Ц2У-160-У1 25 21,"1ц2у,редуктор,160,редуктор 1ц2у-160 1Ц2У-160-У1 25 21",,,1,25,124,0,шт.,21,0,У1/Двухступенчатые У1
3194,,Редуктор 1Ц2У-160-У1 25 13,,,71675,1,,,48,Редуктор 1Ц2У-160-У1 25 13,Редуктор 1Ц2У-160-У1 25 13,"1ц2у,редуктор,160,редуктор 1ц2у-160 1Ц2У-160-У1 25 13",,,1,25,124,0,шт.,13,0,У1/Двухступенчатые У1
3193,,Редуктор 1Ц2У-160-У1 25 12,,,71560,1,,,47,Редуктор 1Ц2У-160-У1 25 12,Редуктор 1Ц2У-160-У1 25 12,"1ц2у,редуктор,160,редуктор 1ц2у-160 1Ц2У-160-У1 25 12",,,1,25,124,0,шт.,12,0,У1/Двухступенчатые У1
3192,,Редуктор 1Ц2У-160-У1 25 11,,,71445,1,,,46,Редуктор 1Ц2У-160-У1 25 11,Редуктор 1Ц2У-160-У1 25 11,"1ц2у,редуктор,160,редуктор 1ц2у-160 1Ц2У-160-У1 25 11",,,1,25,124,0,шт.,11,0,У1/Двухступенчатые У1
3191,,Редуктор 1Ц2У-160-У1 20 33,,,71330,1,,,45,Редуктор 1Ц2У-160-У1 20 33,Редуктор 1Ц2У-160-У1 20 33,"1ц2у,редуктор,160,редуктор 1ц2у-160 1Ц2У-160-У1 20 33",,,1,20,124,0,шт.,33,0,У1/Двухступенчатые У1
3190,,Редуктор 1Ц2У-160-У1 20 32,,,71215,1,,,44,Редуктор 1Ц2У-160-У1 20 32,Редуктор 1Ц2У-160-У1 20 32,"1ц2у,редуктор,160,редуктор 1ц2у-160 1Ц2У-160-У1 20 32",,,1,20,124,0,шт.,32,0,У1/Двухступенчатые У1
3189,,Редуктор 1Ц2У-160-У1 20 31,,,71100,1,,,43,Редуктор 1Ц2У-160-У1 20 31,Редуктор 1Ц2У-160-У1 20 31,"1ц2у,редуктор,160,редуктор 1ц2у-160 1Ц2У-160-У1 20 31",,,1,20,124,0,шт.,31,0,У1/Двухступенчатые У1
3188,,Редуктор 1Ц2У-160-У1 20 23,,,70985,1,,,42,Редуктор 1Ц2У-160-У1 20 23,Редуктор 1Ц2У-160-У1 20 23,"1ц2у,редуктор,160,редуктор 1ц2у-160 1Ц2У-160-У1 20 23",,,1,20,124,0,шт.,23,0,У1/Двухступенчатые У1
3187,,Редуктор 1Ц2У-160-У1 20 22,,,70870,1,,,41,Редуктор 1Ц2У-160-У1 20 22,Редуктор 1Ц2У-160-У1 20 22,"1ц2у,редуктор,160,редуктор 1ц2у-160 1Ц2У-160-У1 20 22",,,1,20,124,0,шт.,22,0,У1/Двухступенчатые У1
3186,,Редуктор 1Ц2У-160-У1 20 21,,,70755,1,,,40,Редуктор 1Ц2У-160-У1 20 21,Редуктор 1Ц2У-160-У1 20 21,"1ц2у,редуктор,160,редуктор 1ц2у-160 1Ц2У-160-У1 20 21",,,1,20,124,0,шт.,21,0,У1/Двухступенчатые У1
3185,,Редуктор 1Ц2У-160-У1 20 13,,,70640,1,,,39,Редуктор 1Ц2У-160-У1 20 13,Редуктор 1Ц2У-160-У1 20 13,"1ц2у,редуктор,160,редуктор 1ц2у-160 1Ц2У-160-У1 20 13",,,1,20,124,0,шт.,13,0,У1/Двухступенчатые У1
3184,,Редуктор 1Ц2У-160-У1 20 12,,,70525,1,,,38,Редуктор 1Ц2У-160-У1 20 12,Редуктор 1Ц2У-160-У1 20 12,"1ц2у,редуктор,160,редуктор 1ц2у-160 1Ц2У-160-У1 20 12",,,1,20,124,0,шт.,12,0,У1/Двухступенчатые У1
3183,,Редуктор 1Ц2У-160-У1 20 11,,,70410,1,,,37,Редуктор 1Ц2У-160-У1 20 11,Редуктор 1Ц2У-160-У1 20 11,"1ц2у,редуктор,160,редуктор 1ц2у-160 1Ц2У-160-У1 20 11",,,1,20,124,0,шт.,11,0,У1/Двухступенчатые У1
3182,,Редуктор 1Ц2У-160-У1 16 33,,,70295,1,,,36,Редуктор 1Ц2У-160-У1 16 33,Редуктор 1Ц2У-160-У1 16 33,"1ц2у,редуктор,160,редуктор 1ц2у-160 1Ц2У-160-У1 16 33",,,1,16,124,0,шт.,33,0,У1/Двухступенчатые У1
3181,,Редуктор 1Ц2У-160-У1 16 32,,,70180,1,,,35,Редуктор 1Ц2У-160-У1 16 32,Редуктор 1Ц2У-160-У1 16 32,"1ц2у,редуктор,160,редуктор 1ц2у-160 1Ц2У-160-У1 16 32",,,1,16,124,0,шт.,32,0,У1/Двухступенчатые У1
3180,,Редуктор 1Ц2У-160-У1 16 31,,,70065,1,,,34,Редуктор 1Ц2У-160-У1 16 31,Редуктор 1Ц2У-160-У1 16 31,"1ц2у,редуктор,160,редуктор 1ц2у-160 1Ц2У-160-У1 16 31",,,1,16,124,0,шт.,31,0,У1/Двухступенчатые У1
3179,,Редуктор 1Ц2У-160-У1 16 23,,,69950,1,,,33,Редуктор 1Ц2У-160-У1 16 23,Редуктор 1Ц2У-160-У1 16 23,"1ц2у,редуктор,160,редуктор 1ц2у-160 1Ц2У-160-У1 16 23",,,1,16,124,0,шт.,23,0,У1/Двухступенчатые У1
3178,,Редуктор 1Ц2У-160-У1 16 22,,,69835,1,,,32,Редуктор 1Ц2У-160-У1 16 22,Редуктор 1Ц2У-160-У1 16 22,"1ц2у,редуктор,160,редуктор 1ц2у-160 1Ц2У-160-У1 16 22",,,1,16,124,0,шт.,22,0,У1/Двухступенчатые У1
3177,,Редуктор 1Ц2У-160-У1 16 21,,,69720,1,,,31,Редуктор 1Ц2У-160-У1 16 21,Редуктор 1Ц2У-160-У1 16 21,"1ц2у,редуктор,160,редуктор 1ц2у-160 1Ц2У-160-У1 16 21",,,1,16,124,0,шт.,21,0,У1/Двухступенчатые У1
3176,,Редуктор 1Ц2У-160-У1 16 13,,,69605,1,,,30,Редуктор 1Ц2У-160-У1 16 13,Редуктор 1Ц2У-160-У1 16 13,"1ц2у,редуктор,160,редуктор 1ц2у-160 1Ц2У-160-У1 16 13",,,1,16,124,0,шт.,13,0,У1/Двухступенчатые У1
3175,,Редуктор 1Ц2У-160-У1 16 12,,,69490,1,,,29,Редуктор 1Ц2У-160-У1 16 12,Редуктор 1Ц2У-160-У1 16 12,"1ц2у,редуктор,160,редуктор 1ц2у-160 1Ц2У-160-У1 16 12",,,1,16,124,0,шт.,12,0,У1/Двухступенчатые У1
3174,,Редуктор 1Ц2У-160-У1 16 11,,,69375,1,,,28,Редуктор 1Ц2У-160-У1 16 11,Редуктор 1Ц2У-160-У1 16 11,"1ц2у,редуктор,160,редуктор 1ц2у-160 1Ц2У-160-У1 16 11",,,1,16,124,0,шт.,11,0,У1/Двухступенчатые У1
3173,,Редуктор 1Ц2У-160-У1 12.5 33,,,78375,1,,,27,Редуктор 1Ц2У-160-У1 12.5 33,Редуктор 1Ц2У-160-У1 12.5 33,"1ц2у,редуктор,160,редуктор 1ц2у-160 1Ц2У-160-У1 12.5 33",,,1,12.5,124,0,шт.,33,0,У1/Двухступенчатые У1
3172,,Редуктор 1Ц2У-160-У1 12.5 32,,,78250,1,,,26,Редуктор 1Ц2У-160-У1 12.5 32,Редуктор 1Ц2У-160-У1 12.5 32,"1ц2у,редуктор,160,редуктор 1ц2у-160 1Ц2У-160-У1 12.5 32",,,1,12.5,124,0,шт.,32,0,У1/Двухступенчатые У1
3171,,Редуктор 1Ц2У-160-У1 12.5 31,,,78125,1,,,25,Редуктор 1Ц2У-160-У1 12.5 31,Редуктор 1Ц2У-160-У1 12.5 31,"1ц2у,редуктор,160,редуктор 1ц2у-160 1Ц2У-160-У1 12.5 31",,,1,12.5,124,0,шт.,31,0,У1/Двухступенчатые У1
3170,,Редуктор 1Ц2У-160-У1 12.5 23,,,78000,1,,,24,Редуктор 1Ц2У-160-У1 12.5 23,Редуктор 1Ц2У-160-У1 12.5 23,"1ц2у,редуктор,160,редуктор 1ц2у-160 1Ц2У-160-У1 12.5 23",,,1,12.5,124,0,шт.,23,0,У1/Двухступенчатые У1
3169,,Редуктор 1Ц2У-160-У1 12.5 22,,,77875,1,,,23,Редуктор 1Ц2У-160-У1 12.5 22,Редуктор 1Ц2У-160-У1 12.5 22,"1ц2у,редуктор,160,редуктор 1ц2у-160 1Ц2У-160-У1 12.5 22",,,1,12.5,124,0,шт.,22,0,У1/Двухступенчатые У1
3168,,Редуктор 1Ц2У-160-У1 12.5 21,,,77750,1,,,22,Редуктор 1Ц2У-160-У1 12.5 21,Редуктор 1Ц2У-160-У1 12.5 21,"1ц2у,редуктор,160,редуктор 1ц2у-160 1Ц2У-160-У1 12.5 21",,,1,12.5,124,0,шт.,21,0,У1/Двухступенчатые У1
3167,,Редуктор 1Ц2У-160-У1 12.5 13,,,77625,1,,,21,Редуктор 1Ц2У-160-У1 12.5 13,Редуктор 1Ц2У-160-У1 12.5 13,"1ц2у,редуктор,160,редуктор 1ц2у-160 1Ц2У-160-У1 12.5 13",,,1,12.5,124,0,шт.,13,0,У1/Двухступенчатые У1
3166,,Редуктор 1Ц2У-160-У1 12.5 12,,,77500,1,,,20,Редуктор 1Ц2У-160-У1 12.5 12,Редуктор 1Ц2У-160-У1 12.5 12,"1ц2у,редуктор,160,редуктор 1ц2у-160 1Ц2У-160-У1 12.5 12",,,1,12.5,124,0,шт.,12,0,У1/Двухступенчатые У1
3165,,Редуктор 1Ц2У-160-У1 12.5 11,,,77375,1,,,19,Редуктор 1Ц2У-160-У1 12.5 11,Редуктор 1Ц2У-160-У1 12.5 11,"1ц2у,редуктор,160,редуктор 1ц2у-160 1Ц2У-160-У1 12.5 11",,,1,12.5,124,0,шт.,11,0,У1/Двухступенчатые У1
3164,,Редуктор 1Ц2У-160-У1 10 33,,,77250,1,,,18,Редуктор 1Ц2У-160-У1 10 33,Редуктор 1Ц2У-160-У1 10 33,"1ц2у,редуктор,160,редуктор 1ц2у-160 1Ц2У-160-У1 10 33",,,1,10,124,0,шт.,33,0,У1/Двухступенчатые У1
3163,,Редуктор 1Ц2У-160-У1 10 32,,,77125,1,,,17,Редуктор 1Ц2У-160-У1 10 32,Редуктор 1Ц2У-160-У1 10 32,"1ц2у,редуктор,160,редуктор 1ц2у-160 1Ц2У-160-У1 10 32",,,1,10,124,0,шт.,32,0,У1/Двухступенчатые У1
3162,,Редуктор 1Ц2У-160-У1 10 31,,,77000,1,,,16,Редуктор 1Ц2У-160-У1 10 31,Редуктор 1Ц2У-160-У1 10 31,"1ц2у,редуктор,160,редуктор 1ц2у-160 1Ц2У-160-У1 10 31",,,1,10,124,0,шт.,31,0,У1/Двухступенчатые У1
3161,,Редуктор 1Ц2У-160-У1 10 23,,,76875,1,,,15,Редуктор 1Ц2У-160-У1 10 23,Редуктор 1Ц2У-160-У1 10 23,"1ц2у,редуктор,160,редуктор 1ц2у-160 1Ц2У-160-У1 10 23",,,1,10,124,0,шт.,23,0,У1/Двухступенчатые У1
3160,,Редуктор 1Ц2У-160-У1 10 22,,,76750,1,,,14,Редуктор 1Ц2У-160-У1 10 22,Редуктор 1Ц2У-160-У1 10 22,"1ц2у,редуктор,160,редуктор 1ц2у-160 1Ц2У-160-У1 10 22",,,1,10,124,0,шт.,22,0,У1/Двухступенчатые У1
3159,,Редуктор 1Ц2У-160-У1 10 21,,,76625,1,,,13,Редуктор 1Ц2У-160-У1 10 21,Редуктор 1Ц2У-160-У1 10 21,"1ц2у,редуктор,160,редуктор 1ц2у-160 1Ц2У-160-У1 10 21",,,1,10,124,0,шт.,21,0,У1/Двухступенчатые У1
3158,,Редуктор 1Ц2У-160-У1 10 13,,,76500,1,,,12,Редуктор 1Ц2У-160-У1 10 13,Редуктор 1Ц2У-160-У1 10 13,"1ц2у,редуктор,160,редуктор 1ц2у-160 1Ц2У-160-У1 10 13",,,1,10,124,0,шт.,13,0,У1/Двухступенчатые У1
3157,,Редуктор 1Ц2У-160-У1 10 12,,,76375,1,,,11,Редуктор 1Ц2У-160-У1 10 12,Редуктор 1Ц2У-160-У1 10 12,"1ц2у,редуктор,160,редуктор 1ц2у-160 1Ц2У-160-У1 10 12",,,1,10,124,0,шт.,12,0,У1/Двухступенчатые У1
3156,,Редуктор 1Ц2У-160-У1 10 11,,,76250,1,,,10,Редуктор 1Ц2У-160-У1 10 11,Редуктор 1Ц2У-160-У1 10 11,"1ц2у,редуктор,160,редуктор 1ц2у-160 1Ц2У-160-У1 10 11",,,1,10,124,0,шт.,11,0,У1/Двухступенчатые У1
3155,,Редуктор 1Ц2У-160-У1 8 33,,,76125,1,,,9,Редуктор 1Ц2У-160-У1 8 33,Редуктор 1Ц2У-160-У1 8 33,"1ц2у,редуктор,160,редуктор 1ц2у-160 1Ц2У-160-У1 8 33",,,1,8,1564,0,шт.,33,0,У1/Двухступенчатые У1
3154,,Редуктор 1Ц2У-160-У1 8 32,,,76000,1,,,8,Редуктор 1Ц2У-160-У1 8 32,Редуктор 1Ц2У-160-У1 8 32,"1ц2у,редуктор,160,редуктор 1ц2у-160 1Ц2У-160-У1 8 32",,,1,8,1456,0,шт.,32,0,У1/Двухступенчатые У1
3153,,Редуктор 1Ц2У-160-У1 8 31,,,75875,1,,,7,Редуктор 1Ц2У-160-У1 8 31,Редуктор 1Ц2У-160-У1 8 31,"1ц2у,редуктор,160,редуктор 1ц2у-160 1Ц2У-160-У1 8 31",,,1,8,1532,0,шт.,31,0,У1/Двухступенчатые У1
3152,,Редуктор 1Ц2У-160-У1 8 23,,,75750,1,,,6,Редуктор 1Ц2У-160-У1 8 23,Редуктор 1Ц2У-160-У1 8 23,"1ц2у,редуктор,160,редуктор 1ц2у-160 1Ц2У-160-У1 8 23",,,1,8,121,0,шт.,23,0,У1/Двухступенчатые У1
3151,,Редуктор 1Ц2У-160-У1 8 22,,,75625,1,,,5,Редуктор 1Ц2У-160-У1 8 22,Редуктор 1Ц2У-160-У1 8 22,"1ц2у,редуктор,160,редуктор 1ц2у-160 1Ц2У-160-У1 8 22",,,1,8,166,0,шт.,22,0,У1/Двухступенчатые У1
3150,,Редуктор 1Ц2У-160-У1 8 21,,,75500,1,,,4,Редуктор 1Ц2У-160-У1 8 21,Редуктор 1Ц2У-160-У1 8 21,"1ц2у,редуктор,160,редуктор 1ц2у-160 1Ц2У-160-У1 8 21",,,1,8,162,0,шт.,21,0,У1/Двухступенчатые У1
3149,,Редуктор 1Ц2У-160-У1 8 13,,,75375,1,,,3,Редуктор 1Ц2У-160-У1 8 13,Редуктор 1Ц2У-160-У1 8 13,"1ц2у,редуктор,160,редуктор 1ц2у-160 1Ц2У-160-У1 8 13",,,1,8,456,0,шт.,13,0,У1/Двухступенчатые У1
3148,,Редуктор 1Ц2У-160-У1 8 12,,,75250,1,,,2,Редуктор 1Ц2У-160-У1 8 12,Редуктор 1Ц2У-160-У1 8 12,"1ц2у,редуктор,160,редуктор 1ц2у-160 1Ц2У-160-У1 8 12",,,1,8,452,0,шт.,12,0,У1/Двухступенчатые У1
3147,,Редуктор 1Ц2У-160-У1 8 11,,,75125,1,,,1,Редуктор 1Ц2У-160-У1 8 11,Редуктор 1Ц2У-160-У1 8 11,"1ц2у,редуктор,160,редуктор 1ц2у-160 1Ц2У-160-У1 8 11",,,1,8,248,0,шт.,11,0,У1/Двухступенчатые У1
3146,,Редуктор 1Ц2У-160-У1,"<p>Откройте для себя надежный <strong>редуктор 1Ц2У-160</strong>, специально разработанный для повышения эффективности и долговечности ваших промышленных систем. Этот редуктор идеально подходит для различных применений, обеспечивая стабильную работу и минимизацию потерь энергии. Простой в установке и обслуживании, он станет неотъемлемой частью вашего оборудования. <strong>Качество и надежность</strong> — гарантированы!</p>","<p>Представляем вашему вниманию <strong>редуктор 1Ц2У-160</strong> — высокоэффективное решение для широкого спектра промышленных задач. Этот редуктор создан с учетом самых современных технологий, что обеспечивает его <strong>долговечность и надежность</strong> в работе. Корпус редуктора выполнен из высококачественных материалов, что дает дополнительную защиту от коррозии и механических повреждений. Его конструкция позволяет максимально эффективно передавать крутящий момент, что способствует значительной экономии энергии и снижению эксплуатационных затрат.

Редуктор 1Ц2У-160 прост в установке и обслуживании, что позволяет минимизировать время простоя оборудования и повысить общую производительность системы. Он подходит для использования в различных отраслях, включая машиностроение, металлообработку, транспорт и другие сферы, где требуется надежная передача мощности.

Выбирая <strong>редуктор 1Ц2У-160</strong>, вы инвестируете в <strong>передовые технологии и качество</strong>, которые обеспечат бесперебойную работу вашего оборудования на долгие годы. Доверяйте проверенным решениям и улучшайте произ
водительность ваших систем уже сегодня!</p>",75000,1,KG-003-3,"Тип передачи/Цилиндрический#Количество ступеней передачи/Двухступенчатый#Номинальный крутящий момент на выходном валу, Нхм, при непрерывном(Н) режиме работы (ПВ=100%)/1250#Номинальный крутящий момент на выходном валу, Нхм, при работе в повторно- кратковременных режимах/2500#Номинальная радиальная консольная нагрузка, приложенная в середине посадочной поверхности конца вала, Н входного вала/1450#Номинальная радиальная консольная нагрузка, приложенная в середине посадочной поверхности конца вала, Н выходного вала/12500#КПД, не менее, %/97",1,Редуктор 1Ц2У-160 – Надежные и высококачественные редукторы для промышленного оборудования ,"Купите редуктор 1Ц2У-160 по выгодной цене. Надежность, долговечность и высокая эффективность для вашего промышленного оборудования. Подходит для различных областей применения. Закажите сейчас! ","1ц2у,редуктор,160,редуктор 1ц2у-160 1Ц2У-160, купить 1ц2у,редуктор,160,редуктор 1ц2у-160, промышленные 1ц2у,редуктор,160,редуктор 1ц2у-160ы, 1ц2у,редуктор,160,редуктор 1ц2у-160ы для оборудования, надежные 1ц2у,редуктор,160,редуктор 1ц2у-160ы, 1ц2у,редуктор,160,редуктор 1ц2у-160 цена ",,"/UserFiles/Image/Catalog/1c2u/R1c2u_krangear.jpg,/UserFiles/Image/Catalog/1c2u/R1c2u_cborka_krangear.jpg",0,"3147,3148,3149,3150,3151,3152,3153,3154,3155,3156,3157,3158,3159,3160,3161,3162,3163,3164,3165,3166,3167,3168,3169,3170,3171,3172,3173,3174,3175,3176,3177,3178,3179,3180,3181,3182,3183,3184,3185,3186,3187,3188,3189,3190,3191,3192,3193,3194,3195,3196,3197,3198,3199,3200,3201,3202,3203,3204,3205,3206,3207,3208,3209,3210,3211,3212,3213,3214,3215,3216,3217,3218",13969,57000,шт.,,"3990,3991,3992,3993,3994,3995,3996,3997 ",У1/Двухступенчатые У1
3145,,Редуктор 1Ц2У-160-У2 40 33,,,59925,1,,,72,Редуктор 1Ц2У-160-У2 40 33,Редуктор 1Ц2У-160-У2 40 33,"1ц2у,редуктор,160,редуктор 1ц2у-160 1Ц2У-160-У2 40 33",,,1,40,124,0,шт.,33,0,У2/Двухступенчатые У2
3144,,Редуктор 1Ц2У-160-У2 40 32,,,59825,1,,,71,Редуктор 1Ц2У-160-У2 40 32,Редуктор 1Ц2У-160-У2 40 32,"1ц2у,редуктор,160,редуктор 1ц2у-160 1Ц2У-160-У2 40 32",,,1,40,124,0,шт.,32,0,У2/Двухступенчатые У2
3143,,Редуктор 1Ц2У-160-У2 40 31,,,59725,1,,,70,Редуктор 1Ц2У-160-У2 40 31,Редуктор 1Ц2У-160-У2 40 31,"1ц2у,редуктор,160,редуктор 1ц2у-160 1Ц2У-160-У2 40 31",,,1,40,124,0,шт.,31,0,У2/Двухступенчатые У2
3142,,Редуктор 1Ц2У-160-У2 40 23,,,59625,1,,,69,Редуктор 1Ц2У-160-У2 40 23,Редуктор 1Ц2У-160-У2 40 23,"1ц2у,редуктор,160,редуктор 1ц2у-160 1Ц2У-160-У2 40 23",,,1,40,124,0,шт.,23,0,У2/Двухступенчатые У2
3141,,Редуктор 1Ц2У-160-У2 40 22,,,59525,1,,,68,Редуктор 1Ц2У-160-У2 40 22,Редуктор 1Ц2У-160-У2 40 22,"1ц2у,редуктор,160,редуктор 1ц2у-160 1Ц2У-160-У2 40 22",,,1,40,124,0,шт.,22,0,У2/Двухступенчатые У2
3140,,Редуктор 1Ц2У-160-У2 40 21,,,59425,1,,,67,Редуктор 1Ц2У-160-У2 40 21,Редуктор 1Ц2У-160-У2 40 21,"1ц2у,редуктор,160,редуктор 1ц2у-160 1Ц2У-160-У2 40 21",,,1,40,124,0,шт.,21,0,У2/Двухступенчатые У2
3139,,Редуктор 1Ц2У-160-У2 40 13,,,59325,1,,,66,Редуктор 1Ц2У-160-У2 40 13,Редуктор 1Ц2У-160-У2 40 13,"1ц2у,редуктор,160,редуктор 1ц2у-160 1Ц2У-160-У2 40 13",,,1,40,124,0,шт.,13,0,У2/Двухступенчатые У2
3138,,Редуктор 1Ц2У-160-У2 40 12,,,59225,1,,,65,Редуктор 1Ц2У-160-У2 40 12,Редуктор 1Ц2У-160-У2 40 12,"1ц2у,редуктор,160,редуктор 1ц2у-160 1Ц2У-160-У2 40 12",,,1,40,124,0,шт.,12,0,У2/Двухступенчатые У2
3137,,Редуктор 1Ц2У-160-У2 40 11,,,59125,1,,,64,Редуктор 1Ц2У-160-У2 40 11,Редуктор 1Ц2У-160-У2 40 11,"1ц2у,редуктор,160,редуктор 1ц2у-160 1Ц2У-160-У2 40 11",,,1,40,124,0,шт.,11,0,У2/Двухступенчатые У2
3136,,Редуктор 1Ц2У-160-У2 31.5 33,,,59025,1,,,63,Редуктор 1Ц2У-160-У2 31.5 33,Редуктор 1Ц2У-160-У2 31.5 33,"1ц2у,редуктор,160,редуктор 1ц2у-160 1Ц2У-160-У2 31.5 33",,,1,31.5,124,0,шт.,33,0,У2/Двухступенчатые У2
3135,,Редуктор 1Ц2У-160-У2 31.5 32,,,58925,1,,,62,Редуктор 1Ц2У-160-У2 31.5 32,Редуктор 1Ц2У-160-У2 31.5 32,"1ц2у,редуктор,160,редуктор 1ц2у-160 1Ц2У-160-У2 31.5 32",,,1,31.5,124,0,шт.,32,0,У2/Двухступенчатые У2
3134,,Редуктор 1Ц2У-160-У2 31.5 31,,,58825,1,,,61,Редуктор 1Ц2У-160-У2 31.5 31,Редуктор 1Ц2У-160-У2 31.5 31,"1ц2у,редуктор,160,редуктор 1ц2у-160 1Ц2У-160-У2 31.5 31",,,1,31.5,124,0,шт.,31,0,У2/Двухступенчатые У2
3133,,Редуктор 1Ц2У-160-У2 31.5 23,,,58725,1,,,60,Редуктор 1Ц2У-160-У2 31.5 23,Редуктор 1Ц2У-160-У2 31.5 23,"1ц2у,редуктор,160,редуктор 1ц2у-160 1Ц2У-160-У2 31.5 23",,,1,31.5,124,0,шт.,23,0,У2/Двухступенчатые У2
3132,,Редуктор 1Ц2У-160-У2 31.5 22,,,58625,1,,,59,Редуктор 1Ц2У-160-У2 31.5 22,Редуктор 1Ц2У-160-У2 31.5 22,"1ц2у,редуктор,160,редуктор 1ц2у-160 1Ц2У-160-У2 31.5 22",,,1,31.5,124,0,шт.,22,0,У2/Двухступенчатые У2
3131,,Редуктор 1Ц2У-160-У2 31.5 21,,,58525,1,,,58,Редуктор 1Ц2У-160-У2 31.5 21,Редуктор 1Ц2У-160-У2 31.5 21,"1ц2у,редуктор,160,редуктор 1ц2у-160 1Ц2У-160-У2 31.5 21",,,1,31.5,124,0,шт.,21,0,У2/Двухступенчатые У2
3130,,Редуктор 1Ц2У-160-У2 31.5 13,,,58425,1,,,57,Редуктор 1Ц2У-160-У2 31.5 13,Редуктор 1Ц2У-160-У2 31.5 13,"1ц2у,редуктор,160,редуктор 1ц2у-160 1Ц2У-160-У2 31.5 13",,,1,31.5,124,0,шт.,13,0,У2/Двухступенчатые У2
3129,,Редуктор 1Ц2У-160-У2 31.5 12,,,58325,1,,,56,Редуктор 1Ц2У-160-У2 31.5 12,Редуктор 1Ц2У-160-У2 31.5 12,"1ц2у,редуктор,160,редуктор 1ц2у-160 1Ц2У-160-У2 31.5 12",,,1,31.5,124,0,шт.,12,0,У2/Двухступенчатые У2
3128,,Редуктор 1Ц2У-160-У2 31.5 11,,,58225,1,,,55,Редуктор 1Ц2У-160-У2 31.5 11,Редуктор 1Ц2У-160-У2 31.5 11,"1ц2у,редуктор,160,редуктор 1ц2у-160 1Ц2У-160-У2 31.5 11",,,1,31.5,124,0,шт.,11,0,У2/Двухступенчатые У2
3127,,Редуктор 1Ц2У-160-У2 25 33,,,58125,1,,,54,Редуктор 1Ц2У-160-У2 25 33,Редуктор 1Ц2У-160-У2 25 33,"1ц2у,редуктор,160,редуктор 1ц2у-160 1Ц2У-160-У2 25 33",,,1,25,124,0,шт.,33,0,У2/Двухступенчатые У2
3126,,Редуктор 1Ц2У-160-У2 25 32,,,72250,1,,,53,Редуктор 1Ц2У-160-У2 25 32,Редуктор 1Ц2У-160-У2 25 32,"1ц2у,редуктор,160,редуктор 1ц2у-160 1Ц2У-160-У2 25 32",,,1,25,124,0,шт.,32,0,У2/Двухступенчатые У2
3125,,Редуктор 1Ц2У-160-У2 25 31,,,72135,1,,,52,Редуктор 1Ц2У-160-У2 25 31,Редуктор 1Ц2У-160-У2 25 31,"1ц2у,редуктор,160,редуктор 1ц2у-160 1Ц2У-160-У2 25 31",,,1,25,124,0,шт.,31,0,У2/Двухступенчатые У2
3124,,Редуктор 1Ц2У-160-У2 25 23,,,72020,1,,,51,Редуктор 1Ц2У-160-У2 25 23,Редуктор 1Ц2У-160-У2 25 23,"1ц2у,редуктор,160,редуктор 1ц2у-160 1Ц2У-160-У2 25 23",,,1,25,124,0,шт.,23,0,У2/Двухступенчатые У2
3123,,Редуктор 1Ц2У-160-У2 25 22,,,71905,1,,,50,Редуктор 1Ц2У-160-У2 25 22,Редуктор 1Ц2У-160-У2 25 22,"1ц2у,редуктор,160,редуктор 1ц2у-160 1Ц2У-160-У2 25 22",,,1,25,124,0,шт.,22,0,У2/Двухступенчатые У2
3122,,Редуктор 1Ц2У-160-У2 25 21,,,71790,1,,,49,Редуктор 1Ц2У-160-У2 25 21,Редуктор 1Ц2У-160-У2 25 21,"1ц2у,редуктор,160,редуктор 1ц2у-160 1Ц2У-160-У2 25 21",,,1,25,124,0,шт.,21,0,У2/Двухступенчатые У2
3121,,Редуктор 1Ц2У-160-У2 25 13,,,71675,1,,,48,Редуктор 1Ц2У-160-У2 25 13,Редуктор 1Ц2У-160-У2 25 13,"1ц2у,редуктор,160,редуктор 1ц2у-160 1Ц2У-160-У2 25 13",,,1,25,124,0,шт.,13,0,У2/Двухступенчатые У2
3120,,Редуктор 1Ц2У-160-У2 25 12,,,71560,1,,,47,Редуктор 1Ц2У-160-У2 25 12,Редуктор 1Ц2У-160-У2 25 12,"1ц2у,редуктор,160,редуктор 1ц2у-160 1Ц2У-160-У2 25 12",,,1,25,124,0,шт.,12,0,У2/Двухступенчатые У2
3119,,Редуктор 1Ц2У-160-У2 25 11,,,71445,1,,,46,Редуктор 1Ц2У-160-У2 25 11,Редуктор 1Ц2У-160-У2 25 11,"1ц2у,редуктор,160,редуктор 1ц2у-160 1Ц2У-160-У2 25 11",,,1,25,124,0,шт.,11,0,У2/Двухступенчатые У2
3118,,Редуктор 1Ц2У-160-У2 20 33,,,71330,1,,,45,Редуктор 1Ц2У-160-У2 20 33,Редуктор 1Ц2У-160-У2 20 33,"1ц2у,редуктор,160,редуктор 1ц2у-160 1Ц2У-160-У2 20 33",,,1,20,124,0,шт.,33,0,У2/Двухступенчатые У2
3117,,Редуктор 1Ц2У-160-У2 20 32,,,71215,1,,,44,Редуктор 1Ц2У-160-У2 20 32,Редуктор 1Ц2У-160-У2 20 32,"1ц2у,редуктор,160,редуктор 1ц2у-160 1Ц2У-160-У2 20 32",,,1,20,124,0,шт.,32,0,У2/Двухступенчатые У2
3116,,Редуктор 1Ц2У-160-У2 20 31,,,71100,1,,,43,Редуктор 1Ц2У-160-У2 20 31,Редуктор 1Ц2У-160-У2 20 31,"1ц2у,редуктор,160,редуктор 1ц2у-160 1Ц2У-160-У2 20 31",,,1,20,124,0,шт.,31,0,У2/Двухступенчатые У2
3115,,Редуктор 1Ц2У-160-У2 20 23,,,70985,1,,,42,Редуктор 1Ц2У-160-У2 20 23,Редуктор 1Ц2У-160-У2 20 23,"1ц2у,редуктор,160,редуктор 1ц2у-160 1Ц2У-160-У2 20 23",,,1,20,124,0,шт.,23,0,У2/Двухступенчатые У2
3114,,Редуктор 1Ц2У-160-У2 20 22,,,70870,1,,,41,Редуктор 1Ц2У-160-У2 20 22,Редуктор 1Ц2У-160-У2 20 22,"1ц2у,редуктор,160,редуктор 1ц2у-160 1Ц2У-160-У2 20 22",,,1,20,124,0,шт.,22,0,У2/Двухступенчатые У2
3113,,Редуктор 1Ц2У-160-У2 20 21,,,70755,1,,,40,Редуктор 1Ц2У-160-У2 20 21,Редуктор 1Ц2У-160-У2 20 21,"1ц2у,редуктор,160,редуктор 1ц2у-160 1Ц2У-160-У2 20 21",,,1,20,124,0,шт.,21,0,У2/Двухступенчатые У2
3112,,Редуктор 1Ц2У-160-У2 20 13,,,70640,1,,,39,Редуктор 1Ц2У-160-У2 20 13,Редуктор 1Ц2У-160-У2 20 13,"1ц2у,редуктор,160,редуктор 1ц2у-160 1Ц2У-160-У2 20 13",,,1,20,124,0,шт.,13,0,У2/Двухступенчатые У2
3111,,Редуктор 1Ц2У-160-У2 20 12,,,70525,1,,,38,Редуктор 1Ц2У-160-У2 20 12,Редуктор 1Ц2У-160-У2 20 12,"1ц2у,редуктор,160,редуктор 1ц2у-160 1Ц2У-160-У2 20 12",,,1,20,124,0,шт.,12,0,У2/Двухступенчатые У2
3110,,Редуктор 1Ц2У-160-У2 20 11,,,70410,1,,,37,Редуктор 1Ц2У-160-У2 20 11,Редуктор 1Ц2У-160-У2 20 11,"1ц2у,редуктор,160,редуктор 1ц2у-160 1Ц2У-160-У2 20 11",,,1,20,124,0,шт.,11,0,У2/Двухступенчатые У2
3109,,Редуктор 1Ц2У-160-У2 16 33,,,70295,1,,,36,Редуктор 1Ц2У-160-У2 16 33,Редуктор 1Ц2У-160-У2 16 33,"1ц2у,редуктор,160,редуктор 1ц2у-160 1Ц2У-160-У2 16 33",,,1,16,124,0,шт.,33,0,У2/Двухступенчатые У2
3108,,Редуктор 1Ц2У-160-У2 16 32,,,70180,1,,,35,Редуктор 1Ц2У-160-У2 16 32,Редуктор 1Ц2У-160-У2 16 32,"1ц2у,редуктор,160,редуктор 1ц2у-160 1Ц2У-160-У2 16 32",,,1,16,124,0,шт.,32,0,У2/Двухступенчатые У2
3107,,Редуктор 1Ц2У-160-У2 16 31,,,70065,1,,,34,Редуктор 1Ц2У-160-У2 16 31,Редуктор 1Ц2У-160-У2 16 31,"1ц2у,редуктор,160,редуктор 1ц2у-160 1Ц2У-160-У2 16 31",,,1,16,124,0,шт.,31,0,У2/Двухступенчатые У2
3106,,Редуктор 1Ц2У-160-У2 16 23,,,69950,1,,,33,Редуктор 1Ц2У-160-У2 16 23,Редуктор 1Ц2У-160-У2 16 23,"1ц2у,редуктор,160,редуктор 1ц2у-160 1Ц2У-160-У2 16 23",,,1,16,124,0,шт.,23,0,У2/Двухступенчатые У2
3105,,Редуктор 1Ц2У-160-У2 16 22,,,69835,1,,,32,Редуктор 1Ц2У-160-У2 16 22,Редуктор 1Ц2У-160-У2 16 22,"1ц2у,редуктор,160,редуктор 1ц2у-160 1Ц2У-160-У2 16 22",,,1,16,124,0,шт.,22,0,У2/Двухступенчатые У2
3104,,Редуктор 1Ц2У-160-У2 16 21,,,69720,1,,,31,Редуктор 1Ц2У-160-У2 16 21,Редуктор 1Ц2У-160-У2 16 21,"1ц2у,редуктор,160,редуктор 1ц2у-160 1Ц2У-160-У2 16 21",,,1,16,124,0,шт.,21,0,У2/Двухступенчатые У2
3103,,Редуктор 1Ц2У-160-У2 16 13,,,69605,1,,,30,Редуктор 1Ц2У-160-У2 16 13,Редуктор 1Ц2У-160-У2 16 13,"1ц2у,редуктор,160,редуктор 1ц2у-160 1Ц2У-160-У2 16 13",,,1,16,124,0,шт.,13,0,У2/Двухступенчатые У2
3102,,Редуктор 1Ц2У-160-У2 16 12,,,69490,1,,,29,Редуктор 1Ц2У-160-У2 16 12,Редуктор 1Ц2У-160-У2 16 12,"1ц2у,редуктор,160,редуктор 1ц2у-160 1Ц2У-160-У2 16 12",,,1,16,124,0,шт.,12,0,У2/Двухступенчатые У2
3101,,Редуктор 1Ц2У-160-У2 16 11,,,69375,1,,,28,Редуктор 1Ц2У-160-У2 16 11,Редуктор 1Ц2У-160-У2 16 11,"1ц2у,редуктор,160,редуктор 1ц2у-160 1Ц2У-160-У2 16 11",,,1,16,124,0,шт.,11,0,У2/Двухступенчатые У2
3100,,Редуктор 1Ц2У-160-У2 12.5 33,,,78375,1,,,27,Редуктор 1Ц2У-160-У2 12.5 33,Редуктор 1Ц2У-160-У2 12.5 33,"1ц2у,редуктор,160,редуктор 1ц2у-160 1Ц2У-160-У2 12.5 33",,,1,12.5,124,0,шт.,33,0,У2/Двухступенчатые У2
3099,,Редуктор 1Ц2У-160-У2 12.5 32,,,78250,1,,,26,Редуктор 1Ц2У-160-У2 12.5 32,Редуктор 1Ц2У-160-У2 12.5 32,"1ц2у,редуктор,160,редуктор 1ц2у-160 1Ц2У-160-У2 12.5 32",,,1,12.5,124,0,шт.,32,0,У2/Двухступенчатые У2
3098,,Редуктор 1Ц2У-160-У2 12.5 31,,,78125,1,,,25,Редуктор 1Ц2У-160-У2 12.5 31,Редуктор 1Ц2У-160-У2 12.5 31,"1ц2у,редуктор,160,редуктор 1ц2у-160 1Ц2У-160-У2 12.5 31",,,1,12.5,124,0,шт.,31,0,У2/Двухступенчатые У2
3097,,Редуктор 1Ц2У-160-У2 12.5 23,,,78000,1,,,24,Редуктор 1Ц2У-160-У2 12.5 23,Редуктор 1Ц2У-160-У2 12.5 23,"1ц2у,редуктор,160,редуктор 1ц2у-160 1Ц2У-160-У2 12.5 23",,,1,12.5,124,0,шт.,23,0,У2/Двухступенчатые У2
3096,,Редуктор 1Ц2У-160-У2 12.5 22,,,77875,1,,,23,Редуктор 1Ц2У-160-У2 12.5 22,Редуктор 1Ц2У-160-У2 12.5 22,"1ц2у,редуктор,160,редуктор 1ц2у-160 1Ц2У-160-У2 12.5 22",,,1,12.5,124,0,шт.,22,0,У2/Двухступенчатые У2
3095,,Редуктор 1Ц2У-160-У2 12.5 21,,,77750,1,,,22,Редуктор 1Ц2У-160-У2 12.5 21,Редуктор 1Ц2У-160-У2 12.5 21,"1ц2у,редуктор,160,редуктор 1ц2у-160 1Ц2У-160-У2 12.5 21",,,1,12.5,124,0,шт.,21,0,У2/Двухступенчатые У2
3094,,Редуктор 1Ц2У-160-У2 12.5 13,,,77625,1,,,21,Редуктор 1Ц2У-160-У2 12.5 13,Редуктор 1Ц2У-160-У2 12.5 13,"1ц2у,редуктор,160,редуктор 1ц2у-160 1Ц2У-160-У2 12.5 13",,,1,12.5,124,0,шт.,13,0,У2/Двухступенчатые У2
3093,,Редуктор 1Ц2У-160-У2 12.5 12,,,77500,1,,,20,Редуктор 1Ц2У-160-У2 12.5 12,Редуктор 1Ц2У-160-У2 12.5 12,"1ц2у,редуктор,160,редуктор 1ц2у-160 1Ц2У-160-У2 12.5 12",,,1,12.5,124,0,шт.,12,0,У2/Двухступенчатые У2
3092,,Редуктор 1Ц2У-160-У2 12.5 11,,,77375,1,,,19,Редуктор 1Ц2У-160-У2 12.5 11,Редуктор 1Ц2У-160-У2 12.5 11,"1ц2у,редуктор,160,редуктор 1ц2у-160 1Ц2У-160-У2 12.5 11",,,1,12.5,124,0,шт.,11,0,У2/Двухступенчатые У2
3091,,Редуктор 1Ц2У-160-У2 10 33,,,77250,1,,,18,Редуктор 1Ц2У-160-У2 10 33,Редуктор 1Ц2У-160-У2 10 33,"1ц2у,редуктор,160,редуктор 1ц2у-160 1Ц2У-160-У2 10 33",,,1,10,124,0,шт.,33,0,У2/Двухступенчатые У2
3090,,Редуктор 1Ц2У-160-У2 10 32,,,77125,1,,,17,Редуктор 1Ц2У-160-У2 10 32,Редуктор 1Ц2У-160-У2 10 32,"1ц2у,редуктор,160,редуктор 1ц2у-160 1Ц2У-160-У2 10 32",,,1,10,124,0,шт.,32,0,У2/Двухступенчатые У2
3089,,Редуктор 1Ц2У-160-У2 10 31,,,77000,1,,,16,Редуктор 1Ц2У-160-У2 10 31,Редуктор 1Ц2У-160-У2 10 31,"1ц2у,редуктор,160,редуктор 1ц2у-160 1Ц2У-160-У2 10 31",,,1,10,124,0,шт.,31,0,У2/Двухступенчатые У2
3088,,Редуктор 1Ц2У-160-У2 10 23,,,76875,1,,,15,Редуктор 1Ц2У-160-У2 10 23,Редуктор 1Ц2У-160-У2 10 23,"1ц2у,редуктор,160,редуктор 1ц2у-160 1Ц2У-160-У2 10 23",,,1,10,124,0,шт.,23,0,У2/Двухступенчатые У2
3087,,Редуктор 1Ц2У-160-У2 10 22,,,76750,1,,,14,Редуктор 1Ц2У-160-У2 10 22,Редуктор 1Ц2У-160-У2 10 22,"1ц2у,редуктор,160,редуктор 1ц2у-160 1Ц2У-160-У2 10 22",,,1,10,124,0,шт.,22,0,У2/Двухступенчатые У2
3086,,Редуктор 1Ц2У-160-У2 10 21,,,76625,1,,,13,Редуктор 1Ц2У-160-У2 10 21,Редуктор 1Ц2У-160-У2 10 21,"1ц2у,редуктор,160,редуктор 1ц2у-160 1Ц2У-160-У2 10 21",,,1,10,124,0,шт.,21,0,У2/Двухступенчатые У2
3085,,Редуктор 1Ц2У-160-У2 10 13,,,76500,1,,,12,Редуктор 1Ц2У-160-У2 10 13,Редуктор 1Ц2У-160-У2 10 13,"1ц2у,редуктор,160,редуктор 1ц2у-160 1Ц2У-160-У2 10 13",,,1,10,124,0,шт.,13,0,У2/Двухступенчатые У2
3084,,Редуктор 1Ц2У-160-У2 10 12,,,76375,1,,,11,Редуктор 1Ц2У-160-У2 10 12,Редуктор 1Ц2У-160-У2 10 12,"1ц2у,редуктор,160,редуктор 1ц2у-160 1Ц2У-160-У2 10 12",,,1,10,124,0,шт.,12,0,У2/Двухступенчатые У2
3083,,Редуктор 1Ц2У-160-У2 10 11,,,76250,1,,,10,Редуктор 1Ц2У-160-У2 10 11,Редуктор 1Ц2У-160-У2 10 11,"1ц2у,редуктор,160,редуктор 1ц2у-160 1Ц2У-160-У2 10 11",,,1,10,124,0,шт.,11,0,У2/Двухступенчатые У2
3082,,Редуктор 1Ц2У-160-У2 8 33,,,76125,1,,,9,Редуктор 1Ц2У-160-У2 8 33,Редуктор 1Ц2У-160-У2 8 33,"1ц2у,редуктор,160,редуктор 1ц2у-160 1Ц2У-160-У2 8 33",,,1,8,1564,0,шт.,33,0,У2/Двухступенчатые У2
3081,,Редуктор 1Ц2У-160-У2 8 32,,,76000,1,,,8,Редуктор 1Ц2У-160-У2 8 32,Редуктор 1Ц2У-160-У2 8 32,"1ц2у,редуктор,160,редуктор 1ц2у-160 1Ц2У-160-У2 8 32",,,1,8,1456,0,шт.,32,0,У2/Двухступенчатые У2
3080,,Редуктор 1Ц2У-160-У2 8 31,,,75875,1,,,7,Редуктор 1Ц2У-160-У2 8 31,Редуктор 1Ц2У-160-У2 8 31,"1ц2у,редуктор,160,редуктор 1ц2у-160 1Ц2У-160-У2 8 31",,,1,8,1532,0,шт.,31,0,У2/Двухступенчатые У2
3079,,Редуктор 1Ц2У-160-У2 8 23,,,75750,1,,,6,Редуктор 1Ц2У-160-У2 8 23,Редуктор 1Ц2У-160-У2 8 23,"1ц2у,редуктор,160,редуктор 1ц2у-160 1Ц2У-160-У2 8 23",,,1,8,121,0,шт.,23,0,У2/Двухступенчатые У2
3078,,Редуктор 1Ц2У-160-У2 8 22,,,75625,1,,,5,Редуктор 1Ц2У-160-У2 8 22,Редуктор 1Ц2У-160-У2 8 22,"1ц2у,редуктор,160,редуктор 1ц2у-160 1Ц2У-160-У2 8 22",,,1,8,166,0,шт.,22,0,У2/Двухступенчатые У2
3077,,Редуктор 1Ц2У-160-У2 8 21,,,75500,1,,,4,Редуктор 1Ц2У-160-У2 8 21,Редуктор 1Ц2У-160-У2 8 21,"1ц2у,редуктор,160,редуктор 1ц2у-160 1Ц2У-160-У2 8 21",,,1,8,162,0,шт.,21,0,У2/Двухступенчатые У2
3076,,Редуктор 1Ц2У-160-У2 8 13,,,75375,1,,,3,Редуктор 1Ц2У-160-У2 8 13,Редуктор 1Ц2У-160-У2 8 13,"1ц2у,редуктор,160,редуктор 1ц2у-160 1Ц2У-160-У2 8 13",,,1,8,456,0,шт.,13,0,У2/Двухступенчатые У2
3075,,Редуктор 1Ц2У-160-У2 8 12,,,75250,1,,,2,Редуктор 1Ц2У-160-У2 8 12,Редуктор 1Ц2У-160-У2 8 12,"1ц2у,редуктор,160,редуктор 1ц2у-160 1Ц2У-160-У2 8 12",,,1,8,452,0,шт.,12,0,У2/Двухступенчатые У2
3074,,Редуктор 1Ц2У-160-У2 8 11,,,75125,1,,,1,Редуктор 1Ц2У-160-У2 8 11,Редуктор 1Ц2У-160-У2 8 11,"1ц2у,редуктор,160,редуктор 1ц2у-160 1Ц2У-160-У2 8 11",,,1,8,248,0,шт.,11,0,У2/Двухступенчатые У2
3073,,Редуктор 1Ц2У-160-У2,"<p>Откройте для себя надежный <strong>редуктор 1Ц2У-160</strong>, специально разработанный для повышения эффективности и долговечности ваших промышленных систем. Этот редуктор идеально подходит для различных применений, обеспечивая стабильную работу и минимизацию потерь энергии. Простой в установке и обслуживании, он станет неотъемлемой частью вашего оборудования. <strong>Качество и надежность</strong> — гарантированы!</p>","<p>Представляем вашему вниманию <strong>редуктор 1Ц2У-160</strong> — высокоэффективное решение для широкого спектра промышленных задач. Этот редуктор создан с учетом самых современных технологий, что обеспечивает его <strong>долговечность и надежность</strong> в работе. Корпус редуктора выполнен из высококачественных материалов, что дает дополнительную защиту от коррозии и механических повреждений. Его конструкция позволяет максимально эффективно передавать крутящий момент, что способствует значительной экономии энергии и снижению эксплуатационных затрат.

Редуктор 1Ц2У-160 прост в установке и обслуживании, что позволяет минимизировать время простоя оборудования и повысить общую производительность системы. Он подходит для использования в различных отраслях, включая машиностроение, металлообработку, транспорт и другие сферы, где требуется надежная передача мощности.

Выбирая <strong>редуктор 1Ц2У-160</strong>, вы инвестируете в <strong>передовые технологии и качество</strong>, которые обеспечат бесперебойную работу вашего оборудования на долгие годы. Доверяйте проверенным решениям и улучшайте произ
водительность ваших систем уже сегодня!</p>",75000,1,KG-003-2,"Тип передачи/Цилиндрический#Количество ступеней передачи/Двухступенчатый#Номинальный крутящий момент на выходном валу, Нхм, при непрерывном(Н) режиме работы (ПВ=100%)/1250#Номинальный крутящий момент на выходном валу, Нхм, при работе в повторно- кратковременных режимах/2500#Номинальная радиальная консольная нагрузка, приложенная в середине посадочной поверхности конца вала, Н входного вала/1450#Номинальная радиальная консольная нагрузка, приложенная в середине посадочной поверхности конца вала, Н выходного вала/12500#КПД, не менее, %/97",1,Редуктор 1Ц2У-160 – Надежные и высококачественные редукторы для промышленного оборудования ,"Купите редуктор 1Ц2У-160 по выгодной цене. Надежность, долговечность и высокая эффективность для вашего промышленного оборудования. Подходит для различных областей применения. Закажите сейчас! ","1ц2у,редуктор,160,редуктор 1ц2у-160 1Ц2У-160, купить 1ц2у,редуктор,160,редуктор 1ц2у-160, промышленные 1ц2у,редуктор,160,редуктор 1ц2у-160ы, 1ц2у,редуктор,160,редуктор 1ц2у-160ы для оборудования, надежные 1ц2у,редуктор,160,редуктор 1ц2у-160ы, 1ц2у,редуктор,160,редуктор 1ц2у-160 цена ",,"/UserFiles/Image/Catalog/1c2u/R1c2u_krangear.jpg,/UserFiles/Image/Catalog/1c2u/R1c2u_cborka_krangear.jpg",0,"3074,3075,3076,3077,3078,3079,3080,3081,3082,3083,3084,3085,3086,3087,3088,3089,3090,3091,3092,3093,3094,3095,3096,3097,3098,3099,3100,3101,3102,3103,3104,3105,3106,3107,3108,3109,3110,3111,3112,3113,3114,3115,3116,3117,3118,3119,3120,3121,3122,3123,3124,3125,3126,3127,3128,3129,3130,3131,3132,3133,3134,3135,3136,3137,3138,3139,3140,3141,3142,3143,3144,3145",13969,57000,шт.,,"3990,3991,3992,3993,3994,3995,3996,3997 ",У2/Двухступенчатые У2
3072,,Редуктор 1Ц2У-160-У3 40 33,,,59925,1,,,72,Редуктор 1Ц2У-160-У3 40 33,Редуктор 1Ц2У-160-У3 40 33,"1ц2у,редуктор,160,редуктор 1ц2у-160 1Ц2У-160-У3 40 33",,,1,40,124,0,шт.,33,0,Цилиндрические/Двухступенчатые
3071,,Редуктор 1Ц2У-160-У3 40 32,,,59825,1,,,71,Редуктор 1Ц2У-160-У3 40 32,Редуктор 1Ц2У-160-У3 40 32,"1ц2у,редуктор,160,редуктор 1ц2у-160 1Ц2У-160-У3 40 32",,,1,40,124,0,шт.,32,0,Цилиндрические/Двухступенчатые
3070,,Редуктор 1Ц2У-160-У3 40 31,,,59725,1,,,70,Редуктор 1Ц2У-160-У3 40 31,Редуктор 1Ц2У-160-У3 40 31,"1ц2у,редуктор,160,редуктор 1ц2у-160 1Ц2У-160-У3 40 31",,,1,40,124,0,шт.,31,0,Цилиндрические/Двухступенчатые
3069,,Редуктор 1Ц2У-160-У3 40 23,,,59625,1,,,69,Редуктор 1Ц2У-160-У3 40 23,Редуктор 1Ц2У-160-У3 40 23,"1ц2у,редуктор,160,редуктор 1ц2у-160 1Ц2У-160-У3 40 23",,,1,40,124,0,шт.,23,0,Цилиндрические/Двухступенчатые
3068,,Редуктор 1Ц2У-160-У3 40 22,,,59525,1,,,68,Редуктор 1Ц2У-160-У3 40 22,Редуктор 1Ц2У-160-У3 40 22,"1ц2у,редуктор,160,редуктор 1ц2у-160 1Ц2У-160-У3 40 22",,,1,40,124,0,шт.,22,0,Цилиндрические/Двухступенчатые
3067,,Редуктор 1Ц2У-160-У3 40 21,,,59425,1,,,67,Редуктор 1Ц2У-160-У3 40 21,Редуктор 1Ц2У-160-У3 40 21,"1ц2у,редуктор,160,редуктор 1ц2у-160 1Ц2У-160-У3 40 21",,,1,40,124,0,шт.,21,0,Цилиндрические/Двухступенчатые
3066,,Редуктор 1Ц2У-160-У3 40 13,,,59325,1,,,66,Редуктор 1Ц2У-160-У3 40 13,Редуктор 1Ц2У-160-У3 40 13,"1ц2у,редуктор,160,редуктор 1ц2у-160 1Ц2У-160-У3 40 13",,,1,40,124,0,шт.,13,0,Цилиндрические/Двухступенчатые
3065,,Редуктор 1Ц2У-160-У3 40 12,,,59225,1,,,65,Редуктор 1Ц2У-160-У3 40 12,Редуктор 1Ц2У-160-У3 40 12,"1ц2у,редуктор,160,редуктор 1ц2у-160 1Ц2У-160-У3 40 12",,,1,40,124,0,шт.,12,0,Цилиндрические/Двухступенчатые
3064,,Редуктор 1Ц2У-160-У3 40 11,,,59125,1,,,64,Редуктор 1Ц2У-160-У3 40 11,Редуктор 1Ц2У-160-У3 40 11,"1ц2у,редуктор,160,редуктор 1ц2у-160 1Ц2У-160-У3 40 11",,,1,40,124,0,шт.,11,0,Цилиндрические/Двухступенчатые
3063,,Редуктор 1Ц2У-160-У3 31.5 33,,,59025,1,,,63,Редуктор 1Ц2У-160-У3 31.5 33,Редуктор 1Ц2У-160-У3 31.5 33,"1ц2у,редуктор,160,редуктор 1ц2у-160 1Ц2У-160-У3 31.5 33",,,1,31.5,124,0,шт.,33,0,Цилиндрические/Двухступенчатые
3062,,Редуктор 1Ц2У-160-У3 31.5 32,,,58925,1,,,62,Редуктор 1Ц2У-160-У3 31.5 32,Редуктор 1Ц2У-160-У3 31.5 32,"1ц2у,редуктор,160,редуктор 1ц2у-160 1Ц2У-160-У3 31.5 32",,,1,31.5,124,0,шт.,32,0,Цилиндрические/Двухступенчатые
3061,,Редуктор 1Ц2У-160-У3 31.5 31,,,58825,1,,,61,Редуктор 1Ц2У-160-У3 31.5 31,Редуктор 1Ц2У-160-У3 31.5 31,"1ц2у,редуктор,160,редуктор 1ц2у-160 1Ц2У-160-У3 31.5 31",,,1,31.5,124,0,шт.,31,0,Цилиндрические/Двухступенчатые
3060,,Редуктор 1Ц2У-160-У3 31.5 23,,,58725,1,,,60,Редуктор 1Ц2У-160-У3 31.5 23,Редуктор 1Ц2У-160-У3 31.5 23,"1ц2у,редуктор,160,редуктор 1ц2у-160 1Ц2У-160-У3 31.5 23",,,1,31.5,124,0,шт.,23,0,Цилиндрические/Двухступенчатые
3059,,Редуктор 1Ц2У-160-У3 31.5 22,,,58625,1,,,59,Редуктор 1Ц2У-160-У3 31.5 22,Редуктор 1Ц2У-160-У3 31.5 22,"1ц2у,редуктор,160,редуктор 1ц2у-160 1Ц2У-160-У3 31.5 22",,,1,31.5,124,0,шт.,22,0,Цилиндрические/Двухступенчатые
3058,,Редуктор 1Ц2У-160-У3 31.5 21,,,58525,1,,,58,Редуктор 1Ц2У-160-У3 31.5 21,Редуктор 1Ц2У-160-У3 31.5 21,"1ц2у,редуктор,160,редуктор 1ц2у-160 1Ц2У-160-У3 31.5 21",,,1,31.5,124,0,шт.,21,0,Цилиндрические/Двухступенчатые
3057,,Редуктор 1Ц2У-160-У3 31.5 13,,,58425,1,,,57,Редуктор 1Ц2У-160-У3 31.5 13,Редуктор 1Ц2У-160-У3 31.5 13,"1ц2у,редуктор,160,редуктор 1ц2у-160 1Ц2У-160-У3 31.5 13",,,1,31.5,124,0,шт.,13,0,Цилиндрические/Двухступенчатые
3056,,Редуктор 1Ц2У-160-У3 31.5 12,,,58325,1,,,56,Редуктор 1Ц2У-160-У3 31.5 12,Редуктор 1Ц2У-160-У3 31.5 12,"1ц2у,редуктор,160,редуктор 1ц2у-160 1Ц2У-160-У3 31.5 12",,,1,31.5,124,0,шт.,12,0,Цилиндрические/Двухступенчатые
3055,,Редуктор 1Ц2У-160-У3 31.5 11,,,58225,1,,,55,Редуктор 1Ц2У-160-У3 31.5 11,Редуктор 1Ц2У-160-У3 31.5 11,"1ц2у,редуктор,160,редуктор 1ц2у-160 1Ц2У-160-У3 31.5 11",,,1,31.5,124,0,шт.,11,0,Цилиндрические/Двухступенчатые
3054,,Редуктор 1Ц2У-160-У3 25 33,,,58125,1,,,54,Редуктор 1Ц2У-160-У3 25 33,Редуктор 1Ц2У-160-У3 25 33,"1ц2у,редуктор,160,редуктор 1ц2у-160 1Ц2У-160-У3 25 33",,,1,25,124,0,шт.,33,0,Цилиндрические/Двухступенчатые
3053,,Редуктор 1Ц2У-160-У3 25 32,,,72250,1,,,53,Редуктор 1Ц2У-160-У3 25 32,Редуктор 1Ц2У-160-У3 25 32,"1ц2у,редуктор,160,редуктор 1ц2у-160 1Ц2У-160-У3 25 32",,,1,25,124,0,шт.,32,0,Цилиндрические/Двухступенчатые
3052,,Редуктор 1Ц2У-160-У3 25 31,,,72135,1,,,52,Редуктор 1Ц2У-160-У3 25 31,Редуктор 1Ц2У-160-У3 25 31,"1ц2у,редуктор,160,редуктор 1ц2у-160 1Ц2У-160-У3 25 31",,,1,25,124,0,шт.,31,0,Цилиндрические/Двухступенчатые
3051,,Редуктор 1Ц2У-160-У3 25 23,,,72020,1,,,51,Редуктор 1Ц2У-160-У3 25 23,Редуктор 1Ц2У-160-У3 25 23,"1ц2у,редуктор,160,редуктор 1ц2у-160 1Ц2У-160-У3 25 23",,,1,25,124,0,шт.,23,0,Цилиндрические/Двухступенчатые
3050,,Редуктор 1Ц2У-160-У3 25 22,,,71905,1,,,50,Редуктор 1Ц2У-160-У3 25 22,Редуктор 1Ц2У-160-У3 25 22,"1ц2у,редуктор,160,редуктор 1ц2у-160 1Ц2У-160-У3 25 22",,,1,25,124,0,шт.,22,0,Цилиндрические/Двухступенчатые
3049,,Редуктор 1Ц2У-160-У3 25 21,,,71790,1,,,49,Редуктор 1Ц2У-160-У3 25 21,Редуктор 1Ц2У-160-У3 25 21,"1ц2у,редуктор,160,редуктор 1ц2у-160 1Ц2У-160-У3 25 21",,,1,25,124,0,шт.,21,0,Цилиндрические/Двухступенчатые
3048,,Редуктор 1Ц2У-160-У3 25 13,,,71675,1,,,48,Редуктор 1Ц2У-160-У3 25 13,Редуктор 1Ц2У-160-У3 25 13,"1ц2у,редуктор,160,редуктор 1ц2у-160 1Ц2У-160-У3 25 13",,,1,25,124,0,шт.,13,0,Цилиндрические/Двухступенчатые
3047,,Редуктор 1Ц2У-160-У3 25 12,,,71560,1,,,47,Редуктор 1Ц2У-160-У3 25 12,Редуктор 1Ц2У-160-У3 25 12,"1ц2у,редуктор,160,редуктор 1ц2у-160 1Ц2У-160-У3 25 12",,,1,25,124,0,шт.,12,0,Цилиндрические/Двухступенчатые
3046,,Редуктор 1Ц2У-160-У3 25 11,,,71445,1,,,46,Редуктор 1Ц2У-160-У3 25 11,Редуктор 1Ц2У-160-У3 25 11,"1ц2у,редуктор,160,редуктор 1ц2у-160 1Ц2У-160-У3 25 11",,,1,25,124,0,шт.,11,0,Цилиндрические/Двухступенчатые
3045,,Редуктор 1Ц2У-160-У3 20 33,,,71330,1,,,45,Редуктор 1Ц2У-160-У3 20 33,Редуктор 1Ц2У-160-У3 20 33,"1ц2у,редуктор,160,редуктор 1ц2у-160 1Ц2У-160-У3 20 33",,,1,20,124,0,шт.,33,0,Цилиндрические/Двухступенчатые
3044,,Редуктор 1Ц2У-160-У3 20 32,,,71215,1,,,44,Редуктор 1Ц2У-160-У3 20 32,Редуктор 1Ц2У-160-У3 20 32,"1ц2у,редуктор,160,редуктор 1ц2у-160 1Ц2У-160-У3 20 32",,,1,20,124,0,шт.,32,0,Цилиндрические/Двухступенчатые
3043,,Редуктор 1Ц2У-160-У3 20 31,,,71100,1,,,43,Редуктор 1Ц2У-160-У3 20 31,Редуктор 1Ц2У-160-У3 20 31,"1ц2у,редуктор,160,редуктор 1ц2у-160 1Ц2У-160-У3 20 31",,,1,20,124,0,шт.,31,0,Цилиндрические/Двухступенчатые
3042,,Редуктор 1Ц2У-160-У3 20 23,,,70985,1,,,42,Редуктор 1Ц2У-160-У3 20 23,Редуктор 1Ц2У-160-У3 20 23,"1ц2у,редуктор,160,редуктор 1ц2у-160 1Ц2У-160-У3 20 23",,,1,20,124,0,шт.,23,0,Цилиндрические/Двухступенчатые
3041,,Редуктор 1Ц2У-160-У3 20 22,,,70870,1,,,41,Редуктор 1Ц2У-160-У3 20 22,Редуктор 1Ц2У-160-У3 20 22,"1ц2у,редуктор,160,редуктор 1ц2у-160 1Ц2У-160-У3 20 22",,,1,20,124,0,шт.,22,0,Цилиндрические/Двухступенчатые
3040,,Редуктор 1Ц2У-160-У3 20 21,,,70755,1,,,40,Редуктор 1Ц2У-160-У3 20 21,Редуктор 1Ц2У-160-У3 20 21,"1ц2у,редуктор,160,редуктор 1ц2у-160 1Ц2У-160-У3 20 21",,,1,20,124,0,шт.,21,0,Цилиндрические/Двухступенчатые
3039,,Редуктор 1Ц2У-160-У3 20 13,,,70640,1,,,39,Редуктор 1Ц2У-160-У3 20 13,Редуктор 1Ц2У-160-У3 20 13,"1ц2у,редуктор,160,редуктор 1ц2у-160 1Ц2У-160-У3 20 13",,,1,20,124,0,шт.,13,0,Цилиндрические/Двухступенчатые
3038,,Редуктор 1Ц2У-160-У3 20 12,,,70525,1,,,38,Редуктор 1Ц2У-160-У3 20 12,Редуктор 1Ц2У-160-У3 20 12,"1ц2у,редуктор,160,редуктор 1ц2у-160 1Ц2У-160-У3 20 12",,,1,20,124,0,шт.,12,0,Цилиндрические/Двухступенчатые
3037,,Редуктор 1Ц2У-160-У3 20 11,,,70410,1,,,37,Редуктор 1Ц2У-160-У3 20 11,Редуктор 1Ц2У-160-У3 20 11,"1ц2у,редуктор,160,редуктор 1ц2у-160 1Ц2У-160-У3 20 11",,,1,20,124,0,шт.,11,0,Цилиндрические/Двухступенчатые
3036,,Редуктор 1Ц2У-160-У3 16 33,,,70295,1,,,36,Редуктор 1Ц2У-160-У3 16 33,Редуктор 1Ц2У-160-У3 16 33,"1ц2у,редуктор,160,редуктор 1ц2у-160 1Ц2У-160-У3 16 33",,,1,16,124,0,шт.,33,0,Цилиндрические/Двухступенчатые
3035,,Редуктор 1Ц2У-160-У3 16 32,,,70180,1,,,35,Редуктор 1Ц2У-160-У3 16 32,Редуктор 1Ц2У-160-У3 16 32,"1ц2у,редуктор,160,редуктор 1ц2у-160 1Ц2У-160-У3 16 32",,,1,16,124,0,шт.,32,0,Цилиндрические/Двухступенчатые
3034,,Редуктор 1Ц2У-160-У3 16 31,,,70065,1,,,34,Редуктор 1Ц2У-160-У3 16 31,Редуктор 1Ц2У-160-У3 16 31,"1ц2у,редуктор,160,редуктор 1ц2у-160 1Ц2У-160-У3 16 31",,,1,16,124,0,шт.,31,0,Цилиндрические/Двухступенчатые
3033,,Редуктор 1Ц2У-160-У3 16 23,,,69950,1,,,33,Редуктор 1Ц2У-160-У3 16 23,Редуктор 1Ц2У-160-У3 16 23,"1ц2у,редуктор,160,редуктор 1ц2у-160 1Ц2У-160-У3 16 23",,,1,16,124,0,шт.,23,0,Цилиндрические/Двухступенчатые
3032,,Редуктор 1Ц2У-160-У3 16 22,,,69835,1,,,32,Редуктор 1Ц2У-160-У3 16 22,Редуктор 1Ц2У-160-У3 16 22,"1ц2у,редуктор,160,редуктор 1ц2у-160 1Ц2У-160-У3 16 22",,,1,16,124,0,шт.,22,0,Цилиндрические/Двухступенчатые
3031,,Редуктор 1Ц2У-160-У3 16 21,,,69720,1,,,31,Редуктор 1Ц2У-160-У3 16 21,Редуктор 1Ц2У-160-У3 16 21,"1ц2у,редуктор,160,редуктор 1ц2у-160 1Ц2У-160-У3 16 21",,,1,16,124,0,шт.,21,0,Цилиндрические/Двухступенчатые
3030,,Редуктор 1Ц2У-160-У3 16 13,,,69605,1,,,30,Редуктор 1Ц2У-160-У3 16 13,Редуктор 1Ц2У-160-У3 16 13,"1ц2у,редуктор,160,редуктор 1ц2у-160 1Ц2У-160-У3 16 13",,,1,16,124,0,шт.,13,0,Цилиндрические/Двухступенчатые
3029,,Редуктор 1Ц2У-160-У3 16 12,,,69490,1,,,29,Редуктор 1Ц2У-160-У3 16 12,Редуктор 1Ц2У-160-У3 16 12,"1ц2у,редуктор,160,редуктор 1ц2у-160 1Ц2У-160-У3 16 12",,,1,16,124,0,шт.,12,0,Цилиндрические/Двухступенчатые
3028,,Редуктор 1Ц2У-160-У3 16 11,,,69375,1,,,28,Редуктор 1Ц2У-160-У3 16 11,Редуктор 1Ц2У-160-У3 16 11,"1ц2у,редуктор,160,редуктор 1ц2у-160 1Ц2У-160-У3 16 11",,,1,16,124,0,шт.,11,0,Цилиндрические/Двухступенчатые
3027,,Редуктор 1Ц2У-160-У3 12.5 33,,,78375,1,,,27,Редуктор 1Ц2У-160-У3 12.5 33,Редуктор 1Ц2У-160-У3 12.5 33,"1ц2у,редуктор,160,редуктор 1ц2у-160 1Ц2У-160-У3 12.5 33",,,1,12.5,124,0,шт.,33,0,Цилиндрические/Двухступенчатые
3026,,Редуктор 1Ц2У-160-У3 12.5 32,,,78250,1,,,26,Редуктор 1Ц2У-160-У3 12.5 32,Редуктор 1Ц2У-160-У3 12.5 32,"1ц2у,редуктор,160,редуктор 1ц2у-160 1Ц2У-160-У3 12.5 32",,,1,12.5,124,0,шт.,32,0,Цилиндрические/Двухступенчатые
3025,,Редуктор 1Ц2У-160-У3 12.5 31,,,78125,1,,,25,Редуктор 1Ц2У-160-У3 12.5 31,Редуктор 1Ц2У-160-У3 12.5 31,"1ц2у,редуктор,160,редуктор 1ц2у-160 1Ц2У-160-У3 12.5 31",,,1,12.5,124,0,шт.,31,0,Цилиндрические/Двухступенчатые
3024,,Редуктор 1Ц2У-160-У3 12.5 23,,,78000,1,,,24,Редуктор 1Ц2У-160-У3 12.5 23,Редуктор 1Ц2У-160-У3 12.5 23,"1ц2у,редуктор,160,редуктор 1ц2у-160 1Ц2У-160-У3 12.5 23",,,1,12.5,124,0,шт.,23,0,Цилиндрические/Двухступенчатые
3023,,Редуктор 1Ц2У-160-У3 12.5 22,,,77875,1,,,23,Редуктор 1Ц2У-160-У3 12.5 22,Редуктор 1Ц2У-160-У3 12.5 22,"1ц2у,редуктор,160,редуктор 1ц2у-160 1Ц2У-160-У3 12.5 22",,,1,12.5,124,0,шт.,22,0,Цилиндрические/Двухступенчатые
3022,,Редуктор 1Ц2У-160-У3 12.5 21,,,77750,1,,,22,Редуктор 1Ц2У-160-У3 12.5 21,Редуктор 1Ц2У-160-У3 12.5 21,"1ц2у,редуктор,160,редуктор 1ц2у-160 1Ц2У-160-У3 12.5 21",,,1,12.5,124,0,шт.,21,0,Цилиндрические/Двухступенчатые
3021,,Редуктор 1Ц2У-160-У3 12.5 13,,,77625,1,,,21,Редуктор 1Ц2У-160-У3 12.5 13,Редуктор 1Ц2У-160-У3 12.5 13,"1ц2у,редуктор,160,редуктор 1ц2у-160 1Ц2У-160-У3 12.5 13",,,1,12.5,124,0,шт.,13,0,Цилиндрические/Двухступенчатые
3020,,Редуктор 1Ц2У-160-У3 12.5 12,,,77500,1,,,20,Редуктор 1Ц2У-160-У3 12.5 12,Редуктор 1Ц2У-160-У3 12.5 12,"1ц2у,редуктор,160,редуктор 1ц2у-160 1Ц2У-160-У3 12.5 12",,,1,12.5,124,0,шт.,12,0,Цилиндрические/Двухступенчатые
3019,,Редуктор 1Ц2У-160-У3 12.5 11,,,77375,1,,,19,Редуктор 1Ц2У-160-У3 12.5 11,Редуктор 1Ц2У-160-У3 12.5 11,"1ц2у,редуктор,160,редуктор 1ц2у-160 1Ц2У-160-У3 12.5 11",,,1,12.5,124,0,шт.,11,0,Цилиндрические/Двухступенчатые
3018,,Редуктор 1Ц2У-160-У3 10 33,,,77250,1,,,18,Редуктор 1Ц2У-160-У3 10 33,Редуктор 1Ц2У-160-У3 10 33,"1ц2у,редуктор,160,редуктор 1ц2у-160 1Ц2У-160-У3 10 33",,,1,10,124,0,шт.,33,0,Цилиндрические/Двухступенчатые
3017,,Редуктор 1Ц2У-160-У3 10 32,,,77125,1,,,17,Редуктор 1Ц2У-160-У3 10 32,Редуктор 1Ц2У-160-У3 10 32,"1ц2у,редуктор,160,редуктор 1ц2у-160 1Ц2У-160-У3 10 32",,,1,10,124,0,шт.,32,0,Цилиндрические/Двухступенчатые
3016,,Редуктор 1Ц2У-160-У3 10 31,,,77000,1,,,16,Редуктор 1Ц2У-160-У3 10 31,Редуктор 1Ц2У-160-У3 10 31,"1ц2у,редуктор,160,редуктор 1ц2у-160 1Ц2У-160-У3 10 31",,,1,10,124,0,шт.,31,0,Цилиндрические/Двухступенчатые
3015,,Редуктор 1Ц2У-160-У3 10 23,,,76875,1,,,15,Редуктор 1Ц2У-160-У3 10 23,Редуктор 1Ц2У-160-У3 10 23,"1ц2у,редуктор,160,редуктор 1ц2у-160 1Ц2У-160-У3 10 23",,,1,10,124,0,шт.,23,0,Цилиндрические/Двухступенчатые
3014,,Редуктор 1Ц2У-160-У3 10 22,,,76750,1,,,14,Редуктор 1Ц2У-160-У3 10 22,Редуктор 1Ц2У-160-У3 10 22,"1ц2у,редуктор,160,редуктор 1ц2у-160 1Ц2У-160-У3 10 22",,,1,10,124,0,шт.,22,0,Цилиндрические/Двухступенчатые
3013,,Редуктор 1Ц2У-160-У3 10 21,,,76625,1,,,13,Редуктор 1Ц2У-160-У3 10 21,Редуктор 1Ц2У-160-У3 10 21,"1ц2у,редуктор,160,редуктор 1ц2у-160 1Ц2У-160-У3 10 21",,,1,10,124,0,шт.,21,0,Цилиндрические/Двухступенчатые
3012,,Редуктор 1Ц2У-160-У3 10 13,,,76500,1,,,12,Редуктор 1Ц2У-160-У3 10 13,Редуктор 1Ц2У-160-У3 10 13,"1ц2у,редуктор,160,редуктор 1ц2у-160 1Ц2У-160-У3 10 13",,,1,10,124,0,шт.,13,0,Цилиндрические/Двухступенчатые
3011,,Редуктор 1Ц2У-160-У3 10 12,,,76375,1,,,11,Редуктор 1Ц2У-160-У3 10 12,Редуктор 1Ц2У-160-У3 10 12,"1ц2у,редуктор,160,редуктор 1ц2у-160 1Ц2У-160-У3 10 12",,,1,10,124,0,шт.,12,0,Цилиндрические/Двухступенчатые
3010,,Редуктор 1Ц2У-160-У3 10 11,,,76250,1,,,10,Редуктор 1Ц2У-160-У3 10 11,Редуктор 1Ц2У-160-У3 10 11,"1ц2у,редуктор,160,редуктор 1ц2у-160 1Ц2У-160-У3 10 11",,,1,10,124,0,шт.,11,0,Цилиндрические/Двухступенчатые
3009,,Редуктор 1Ц2У-160-У3 8 33,,,76125,1,,,9,Редуктор 1Ц2У-160-У3 8 33,Редуктор 1Ц2У-160-У3 8 33,"1ц2у,редуктор,160,редуктор 1ц2у-160 1Ц2У-160-У3 8 33",,,1,8,1564,0,шт.,33,0,Цилиндрические/Двухступенчатые
3008,,Редуктор 1Ц2У-160-У3 8 32,,,76000,1,,,8,Редуктор 1Ц2У-160-У3 8 32,Редуктор 1Ц2У-160-У3 8 32,"1ц2у,редуктор,160,редуктор 1ц2у-160 1Ц2У-160-У3 8 32",,,1,8,1456,0,шт.,32,0,Цилиндрические/Двухступенчатые
3007,,Редуктор 1Ц2У-160-У3 8 31,,,75875,1,,,7,Редуктор 1Ц2У-160-У3 8 31,Редуктор 1Ц2У-160-У3 8 31,"1ц2у,редуктор,160,редуктор 1ц2у-160 1Ц2У-160-У3 8 31",,,1,8,1532,0,шт.,31,0,Цилиндрические/Двухступенчатые
3006,,Редуктор 1Ц2У-160-У3 8 23,,,75750,1,,,6,Редуктор 1Ц2У-160-У3 8 23,Редуктор 1Ц2У-160-У3 8 23,"1ц2у,редуктор,160,редуктор 1ц2у-160 1Ц2У-160-У3 8 23",,,1,8,121,0,шт.,23,0,Цилиндрические/Двухступенчатые
3005,,Редуктор 1Ц2У-160-У3 8 22,,,75625,1,,,5,Редуктор 1Ц2У-160-У3 8 22,Редуктор 1Ц2У-160-У3 8 22,"1ц2у,редуктор,160,редуктор 1ц2у-160 1Ц2У-160-У3 8 22",,,1,8,166,0,шт.,22,0,Цилиндрические/Двухступенчатые
3004,,Редуктор 1Ц2У-160-У3 8 21,,,75500,1,,,4,Редуктор 1Ц2У-160-У3 8 21,Редуктор 1Ц2У-160-У3 8 21,"1ц2у,редуктор,160,редуктор 1ц2у-160 1Ц2У-160-У3 8 21",,,1,8,162,0,шт.,21,0,Цилиндрические/Двухступенчатые
3003,,Редуктор 1Ц2У-160-У3 8 13,,,75375,1,,,3,Редуктор 1Ц2У-160-У3 8 13,Редуктор 1Ц2У-160-У3 8 13,"1ц2у,редуктор,160,редуктор 1ц2у-160 1Ц2У-160-У3 8 13",,,1,8,456,0,шт.,13,0,Цилиндрические/Двухступенчатые
3002,,Редуктор 1Ц2У-160-У3 8 12,,,75250,1,,,2,Редуктор 1Ц2У-160-У3 8 12,Редуктор 1Ц2У-160-У3 8 12,"1ц2у,редуктор,160,редуктор 1ц2у-160 1Ц2У-160-У3 8 12",,,1,8,452,0,шт.,12,0,Цилиндрические/Двухступенчатые
3001,,Редуктор 1Ц2У-160-У3 8 11,,,75125,1,,,1,Редуктор 1Ц2У-160-У3 8 11,Редуктор 1Ц2У-160-У3 8 11,"1ц2у,редуктор,160,редуктор 1ц2у-160 1Ц2У-160-У3 8 11",,,1,8,248,0,шт.,11,0,Цилиндрические/Двухступенчатые
3000,,Редуктор 1Ц2У-160-У3,"<p>Откройте для себя надежный <strong>редуктор 1Ц2У-160</strong>, специально разработанный для повышения эффективности и долговечности ваших промышленных систем. Этот редуктор идеально подходит для различных применений, обеспечивая стабильную работу и минимизацию потерь энергии. Простой в установке и обслуживании, он станет неотъемлемой частью вашего оборудования. <strong>Качество и надежность</strong> — гарантированы!</p>","<p>Представляем вашему вниманию <strong>редуктор 1Ц2У-160</strong> — высокоэффективное решение для широкого спектра промышленных задач. Этот редуктор создан с учетом самых современных технологий, что обеспечивает его <strong>долговечность и надежность</strong> в работе. Корпус редуктора выполнен из высококачественных материалов, что дает дополнительную защиту от коррозии и механических повреждений. Его конструкция позволяет максимально эффективно передавать крутящий момент, что способствует значительной экономии энергии и снижению эксплуатационных затрат.

Редуктор 1Ц2У-160 прост в установке и обслуживании, что позволяет минимизировать время простоя оборудования и повысить общую производительность системы. Он подходит для использования в различных отраслях, включая машиностроение, металлообработку, транспорт и другие сферы, где требуется надежная передача мощности.

Выбирая <strong>редуктор 1Ц2У-160</strong>, вы инвестируете в <strong>передовые технологии и качество</strong>, которые обеспечат бесперебойную работу вашего оборудования на долгие годы. Доверяйте проверенным решениям и улучшайте произ
водительность ваших систем уже сегодня!</p>",75000,1,KG-003-1,"Тип передачи/Цилиндрический#Количество ступеней передачи/Двухступенчатый#Номинальный крутящий момент на выходном валу, Нхм, при непрерывном(Н) режиме работы (ПВ=100%)/1250#Номинальный крутящий момент на выходном валу, Нхм, при работе в повторно- кратковременных режимах/2500#Номинальная радиальная консольная нагрузка, приложенная в середине посадочной поверхности конца вала, Н входного вала/1450#Номинальная радиальная консольная нагрузка, приложенная в середине посадочной поверхности конца вала, Н выходного вала/12500#КПД, не менее, %/97",1,Редуктор 1Ц2У-160 – Надежные и высококачественные редукторы для промышленного оборудования ,"Купите редуктор 1Ц2У-160 по выгодной цене. Надежность, долговечность и высокая эффективность для вашего промышленного оборудования. Подходит для различных областей применения. Закажите сейчас! ","1ц2у,редуктор,160,редуктор 1ц2у-160 1Ц2У-160, купить 1ц2у,редуктор,160,редуктор 1ц2у-160, промышленные 1ц2у,редуктор,160,редуктор 1ц2у-160ы, 1ц2у,редуктор,160,редуктор 1ц2у-160ы для оборудования, надежные 1ц2у,редуктор,160,редуктор 1ц2у-160ы, 1ц2у,редуктор,160,редуктор 1ц2у-160 цена ",/UserFiles/Image/Catalog/1c2u/R1c2u_krangear.jpg,"/UserFiles/Image/Catalog/1c2u/R1c2u_krangear.jpg,/UserFiles/Image/Catalog/1c2u/R1c2u_cborka_krangear.jpg",0,"3001,3002,3003,3004,3005,3006,3007,3008,3009,3010,3011,3012,3013,3014,3015,3016,3017,3018,3019,3020,3021,3022,3023,3024,3025,3026,3027,3028,3029,3030,3031,3032,3033,3034,3035,3036,3037,3038,3039,3040,3041,3042,3043,3044,3045,3046,3047,3048,3049,3050,3051,3052,3053,3054,3055,3056,3057,3058,3059,3060,3061,3062,3063,3064,3065,3066,3067,3068,3069,3070,3071,3072",13969,57000,шт.,,"3990,3991,3992,3993,3994,3995,3996,3997 ",Цилиндрические/Двухступенчатые
