Id,Каталог,Наименование,Подробное описание,Цена 1,Вывод,Артикул,Характеристики,Приоритет,Заголовок,Meta description,Meta keywords,Маленькое изображение,Большое изображение,Подтип,Подчиненные товары,Склад,Вес,Единица измерения,Цвет,Услуги,Путь каталога
9999,,Вх. Конус + Вых. Муфта,,0,1,UG-009-9,,10,,,,,/UserFiles/Image/Catalog/conechniki/КМуфт.svg ,0,,124,0,шт.,,0,Скрытые/Услуги/РМ-500
9998,,Вх. Цилиндр + Вых. Муфта,,0,1,UG-009-8,,9,,,,,/UserFiles/Image/Catalog/conechniki/ЦМуфт.svg ,0,,124,0,шт.,,0,Скрытые/Услуги/РМ-500
9997,,Вх. Конус + Вых. Полый шпонка,,0,1,UG-009-7,,8,,,,,/UserFiles/Image/Catalog/conechniki/КШпонка.svg ,0,,124,0,шт.,,0,Скрытые/Услуги/РМ-500
9996,,Вх. Цилиндр + Вых. Полый шпонка,,0,1,UG-009-6,,7,,,,,/UserFiles/Image/Catalog/conechniki/ЦШпонка.svg ,0,,124,0,шт.,,0,Скрытые/Услуги/РМ-500
9995,,Вх. Конус + Вых. Полый шлицы,,0,1,UG-009-5,,6,,,,,/UserFiles/Image/Catalog/conechniki/КШлиц.svg ,0,,124,0,шт.,,0,Скрытые/Услуги/РМ-500
9994,,Вх. Цилиндр + Вых. Полый шлицы,,0,1,UG-009-4,,5,,,,,/UserFiles/Image/Catalog/conechniki/ЦШлиц.svg ,0,,124,0,шт.,,0,Скрытые/Услуги/РМ-500
9993,,Вх. Цилиндр + Вых. Конус,,0,1,UG-009-3,,4,,,,,/UserFiles/Image/Catalog/conechniki/ЦК.svg ,0,,124,0,шт.,,0,Скрытые/Услуги/РМ-500
9992,,Вх. Конус + Вых. Цилиндр,,0,1,UG-009-2,,3,,,,,/UserFiles/Image/Catalog/conechniki/КЦ.svg ,0,,124,0,шт.,,0,Скрытые/Услуги/РМ-500
9991,,Вх. Цилиндр + Вых. Цилиндр,,0,1,UG-009-1,,2,,,,,/UserFiles/Image/Catalog/conechniki/ЦЦ.svg ,0,,124,0,шт.,,0,Скрытые/Услуги/РМ-500
9990,,Вх. Конус + Вых. Конус,,0,1,UG-009-0,,1,,,,,/UserFiles/Image/Catalog/conechniki/КК.svg ,0,,124,0,шт.,,0,Скрытые/Услуги/РМ-500
9327,,Редуктор РМ-500-УХЛ 50 33,,203000,1,,,81,Редуктор РМ-500-УХЛ 50 33,Редуктор РМ-500-УХЛ 50 33,"рм,редуктор,500,редуктор РМ-500 РМ-500-УХЛ 50 33",,,1,50,124,0,шт.,33,0,УХЛ/Двухступенчатые УХЛ
9326,,Редуктор РМ-500-УХЛ 50 32,,192750,1,,,80,Редуктор РМ-500-УХЛ 50 32,Редуктор РМ-500-УХЛ 50 32,"рм,редуктор,500,редуктор РМ-500 РМ-500-УХЛ 50 32",,,1,50,124,0,шт.,32,0,УХЛ/Двухступенчатые УХЛ
9325,,Редуктор РМ-500-УХЛ 50 31,,192500,1,,,79,Редуктор РМ-500-УХЛ 50 31,Редуктор РМ-500-УХЛ 50 31,"рм,редуктор,500,редуктор РМ-500 РМ-500-УХЛ 50 31",,,1,50,124,0,шт.,31,0,УХЛ/Двухступенчатые УХЛ
9324,,Редуктор РМ-500-УХЛ 50 23,,198250,1,,,78,Редуктор РМ-500-УХЛ 50 23,Редуктор РМ-500-УХЛ 50 23,"рм,редуктор,500,редуктор РМ-500 РМ-500-УХЛ 50 23",,,1,50,124,0,шт.,23,0,УХЛ/Двухступенчатые УХЛ
9323,,Редуктор РМ-500-УХЛ 50 22,,188000,1,,,77,Редуктор РМ-500-УХЛ 50 22,Редуктор РМ-500-УХЛ 50 22,"рм,редуктор,500,редуктор РМ-500 РМ-500-УХЛ 50 22",,,1,50,124,0,шт.,22,0,УХЛ/Двухступенчатые УХЛ
9322,,Редуктор РМ-500-УХЛ 50 21,,187750,1,,,76,Редуктор РМ-500-УХЛ 50 21,Редуктор РМ-500-УХЛ 50 21,"рм,редуктор,500,редуктор РМ-500 РМ-500-УХЛ 50 21",,,1,50,124,0,шт.,21,0,УХЛ/Двухступенчатые УХЛ
9321,,Редуктор РМ-500-УХЛ 50 13,,197500,1,,,75,Редуктор РМ-500-УХЛ 50 13,Редуктор РМ-500-УХЛ 50 13,"рм,редуктор,500,редуктор РМ-500 РМ-500-УХЛ 50 13",,,1,50,124,0,шт.,13,0,УХЛ/Двухступенчатые УХЛ
9320,,Редуктор РМ-500-УХЛ 50 12,,187250,1,,,74,Редуктор РМ-500-УХЛ 50 12,Редуктор РМ-500-УХЛ 50 12,"рм,редуктор,500,редуктор РМ-500 РМ-500-УХЛ 50 12",,,1,50,124,0,шт.,12,0,УХЛ/Двухступенчатые УХЛ
9319,,Редуктор РМ-500-УХЛ 50 11,,187000,1,,,73,Редуктор РМ-500-УХЛ 50 11,Редуктор РМ-500-УХЛ 50 11,"рм,редуктор,500,редуктор РМ-500 РМ-500-УХЛ 50 11",,,1,50,124,0,шт.,11,0,УХЛ/Двухступенчатые УХЛ
9318,,Редуктор РМ-500-УХЛ 40 33,,200750,1,,,72,Редуктор РМ-500-УХЛ 40 33,Редуктор РМ-500-УХЛ 40 33,"рм,редуктор,500,редуктор РМ-500 РМ-500-УХЛ 40 33",,,1,40,124,0,шт.,33,0,УХЛ/Двухступенчатые УХЛ
9317,,Редуктор РМ-500-УХЛ 40 32,,190500,1,,,71,Редуктор РМ-500-УХЛ 40 32,Редуктор РМ-500-УХЛ 40 32,"рм,редуктор,500,редуктор РМ-500 РМ-500-УХЛ 40 32",,,1,40,124,0,шт.,32,0,УХЛ/Двухступенчатые УХЛ
9316,,Редуктор РМ-500-УХЛ 40 31,,190250,1,,,70,Редуктор РМ-500-УХЛ 40 31,Редуктор РМ-500-УХЛ 40 31,"рм,редуктор,500,редуктор РМ-500 РМ-500-УХЛ 40 31",,,1,40,124,0,шт.,31,0,УХЛ/Двухступенчатые УХЛ
9315,,Редуктор РМ-500-УХЛ 40 23,,196000,1,,,69,Редуктор РМ-500-УХЛ 40 23,Редуктор РМ-500-УХЛ 40 23,"рм,редуктор,500,редуктор РМ-500 РМ-500-УХЛ 40 23",,,1,40,124,0,шт.,23,0,УХЛ/Двухступенчатые УХЛ
9314,,Редуктор РМ-500-УХЛ 40 22,,185750,1,,,68,Редуктор РМ-500-УХЛ 40 22,Редуктор РМ-500-УХЛ 40 22,"рм,редуктор,500,редуктор РМ-500 РМ-500-УХЛ 40 22",,,1,40,124,0,шт.,22,0,УХЛ/Двухступенчатые УХЛ
9313,,Редуктор РМ-500-УХЛ 40 21,,185500,1,,,67,Редуктор РМ-500-УХЛ 40 21,Редуктор РМ-500-УХЛ 40 21,"рм,редуктор,500,редуктор РМ-500 РМ-500-УХЛ 40 21",,,1,40,124,0,шт.,21,0,УХЛ/Двухступенчатые УХЛ
9312,,Редуктор РМ-500-УХЛ 40 13,,195250,1,,,66,Редуктор РМ-500-УХЛ 40 13,Редуктор РМ-500-УХЛ 40 13,"рм,редуктор,500,редуктор РМ-500 РМ-500-УХЛ 40 13",,,1,40,124,0,шт.,13,0,УХЛ/Двухступенчатые УХЛ
9311,,Редуктор РМ-500-УХЛ 40 12,,185000,1,,,65,Редуктор РМ-500-УХЛ 40 12,Редуктор РМ-500-УХЛ 40 12,"рм,редуктор,500,редуктор РМ-500 РМ-500-УХЛ 40 12",,,1,40,124,0,шт.,12,0,УХЛ/Двухступенчатые УХЛ
9310,,Редуктор РМ-500-УХЛ 40 11,,184750,1,,,64,Редуктор РМ-500-УХЛ 40 11,Редуктор РМ-500-УХЛ 40 11,"рм,редуктор,500,редуктор РМ-500 РМ-500-УХЛ 40 11",,,1,40,124,0,шт.,11,0,УХЛ/Двухступенчатые УХЛ
9309,,Редуктор РМ-500-УХЛ 31.5 33,,198500,1,,,63,Редуктор РМ-500-УХЛ 31.5 33,Редуктор РМ-500-УХЛ 31.5 33,"рм,редуктор,500,редуктор РМ-500 РМ-500-УХЛ 31.5 33",,,1,31.5,124,0,шт.,33,0,УХЛ/Двухступенчатые УХЛ
9308,,Редуктор РМ-500-УХЛ 31.5 32,,188250,1,,,62,Редуктор РМ-500-УХЛ 31.5 32,Редуктор РМ-500-УХЛ 31.5 32,"рм,редуктор,500,редуктор РМ-500 РМ-500-УХЛ 31.5 32",,,1,31.5,124,0,шт.,32,0,УХЛ/Двухступенчатые УХЛ
9307,,Редуктор РМ-500-УХЛ 31.5 31,,188000,1,,,61,Редуктор РМ-500-УХЛ 31.5 31,Редуктор РМ-500-УХЛ 31.5 31,"рм,редуктор,500,редуктор РМ-500 РМ-500-УХЛ 31.5 31",,,1,31.5,124,0,шт.,31,0,УХЛ/Двухступенчатые УХЛ
9306,,Редуктор РМ-500-УХЛ 31.5 23,,193750,1,,,60,Редуктор РМ-500-УХЛ 31.5 23,Редуктор РМ-500-УХЛ 31.5 23,"рм,редуктор,500,редуктор РМ-500 РМ-500-УХЛ 31.5 23",,,1,31.5,124,0,шт.,23,0,УХЛ/Двухступенчатые УХЛ
9305,,Редуктор РМ-500-УХЛ 31.5 22,,183500,1,,,59,Редуктор РМ-500-УХЛ 31.5 22,Редуктор РМ-500-УХЛ 31.5 22,"рм,редуктор,500,редуктор РМ-500 РМ-500-УХЛ 31.5 22",,,1,31.5,124,0,шт.,22,0,УХЛ/Двухступенчатые УХЛ
9304,,Редуктор РМ-500-УХЛ 31.5 21,,183250,1,,,58,Редуктор РМ-500-УХЛ 31.5 21,Редуктор РМ-500-УХЛ 31.5 21,"рм,редуктор,500,редуктор РМ-500 РМ-500-УХЛ 31.5 21",,,1,31.5,124,0,шт.,21,0,УХЛ/Двухступенчатые УХЛ
9303,,Редуктор РМ-500-УХЛ 31.5 13,,193000,1,,,57,Редуктор РМ-500-УХЛ 31.5 13,Редуктор РМ-500-УХЛ 31.5 13,"рм,редуктор,500,редуктор РМ-500 РМ-500-УХЛ 31.5 13",,,1,31.5,124,0,шт.,13,0,УХЛ/Двухступенчатые УХЛ
9302,,Редуктор РМ-500-УХЛ 31.5 12,,182750,1,,,56,Редуктор РМ-500-УХЛ 31.5 12,Редуктор РМ-500-УХЛ 31.5 12,"рм,редуктор,500,редуктор РМ-500 РМ-500-УХЛ 31.5 12",,,1,31.5,124,0,шт.,12,0,УХЛ/Двухступенчатые УХЛ
9301,,Редуктор РМ-500-УХЛ 31.5 11,,182500,1,,,55,Редуктор РМ-500-УХЛ 31.5 11,Редуктор РМ-500-УХЛ 31.5 11,"рм,редуктор,500,редуктор РМ-500 РМ-500-УХЛ 31.5 11",,,1,31.5,124,0,шт.,11,0,УХЛ/Двухступенчатые УХЛ
9300,,Редуктор РМ-500-УХЛ 25 33,,196250,1,,,54,Редуктор РМ-500-УХЛ 25 33,Редуктор РМ-500-УХЛ 25 33,"рм,редуктор,500,редуктор РМ-500 РМ-500-УХЛ 25 33",,,1,25,124,0,шт.,33,0,УХЛ/Двухступенчатые УХЛ
9299,,Редуктор РМ-500-УХЛ 25 32,,186000,1,,,53,Редуктор РМ-500-УХЛ 25 32,Редуктор РМ-500-УХЛ 25 32,"рм,редуктор,500,редуктор РМ-500 РМ-500-УХЛ 25 32",,,1,25,124,0,шт.,32,0,УХЛ/Двухступенчатые УХЛ
9298,,Редуктор РМ-500-УХЛ 25 31,,185750,1,,,52,Редуктор РМ-500-УХЛ 25 31,Редуктор РМ-500-УХЛ 25 31,"рм,редуктор,500,редуктор РМ-500 РМ-500-УХЛ 25 31",,,1,25,124,0,шт.,31,0,УХЛ/Двухступенчатые УХЛ
9297,,Редуктор РМ-500-УХЛ 25 23,,191500,1,,,51,Редуктор РМ-500-УХЛ 25 23,Редуктор РМ-500-УХЛ 25 23,"рм,редуктор,500,редуктор РМ-500 РМ-500-УХЛ 25 23",,,1,25,124,0,шт.,23,0,УХЛ/Двухступенчатые УХЛ
9296,,Редуктор РМ-500-УХЛ 25 22,,181250,1,,,50,Редуктор РМ-500-УХЛ 25 22,Редуктор РМ-500-УХЛ 25 22,"рм,редуктор,500,редуктор РМ-500 РМ-500-УХЛ 25 22",,,1,25,124,0,шт.,22,0,УХЛ/Двухступенчатые УХЛ
9295,,Редуктор РМ-500-УХЛ 25 21,,181000,1,,,49,Редуктор РМ-500-УХЛ 25 21,Редуктор РМ-500-УХЛ 25 21,"рм,редуктор,500,редуктор РМ-500 РМ-500-УХЛ 25 21",,,1,25,124,0,шт.,21,0,УХЛ/Двухступенчатые УХЛ
9294,,Редуктор РМ-500-УХЛ 25 13,,190750,1,,,48,Редуктор РМ-500-УХЛ 25 13,Редуктор РМ-500-УХЛ 25 13,"рм,редуктор,500,редуктор РМ-500 РМ-500-УХЛ 25 13",,,1,25,124,0,шт.,13,0,УХЛ/Двухступенчатые УХЛ
9293,,Редуктор РМ-500-УХЛ 25 12,,180500,1,,,47,Редуктор РМ-500-УХЛ 25 12,Редуктор РМ-500-УХЛ 25 12,"рм,редуктор,500,редуктор РМ-500 РМ-500-УХЛ 25 12",,,1,25,124,0,шт.,12,0,УХЛ/Двухступенчатые УХЛ
9292,,Редуктор РМ-500-УХЛ 25 11,,180250,1,,,46,Редуктор РМ-500-УХЛ 25 11,Редуктор РМ-500-УХЛ 25 11,"рм,редуктор,500,редуктор РМ-500 РМ-500-УХЛ 25 11",,,1,25,124,0,шт.,11,0,УХЛ/Двухступенчатые УХЛ
9291,,Редуктор РМ-500-УХЛ 20 33,,194000,1,,,45,Редуктор РМ-500-УХЛ 20 33,Редуктор РМ-500-УХЛ 20 33,"рм,редуктор,500,редуктор РМ-500 РМ-500-УХЛ 20 33",,,1,20,124,0,шт.,33,0,УХЛ/Двухступенчатые УХЛ
9290,,Редуктор РМ-500-УХЛ 20 32,,183750,1,,,44,Редуктор РМ-500-УХЛ 20 32,Редуктор РМ-500-УХЛ 20 32,"рм,редуктор,500,редуктор РМ-500 РМ-500-УХЛ 20 32",,,1,20,124,0,шт.,32,0,УХЛ/Двухступенчатые УХЛ
9289,,Редуктор РМ-500-УХЛ 20 31,,183500,1,,,43,Редуктор РМ-500-УХЛ 20 31,Редуктор РМ-500-УХЛ 20 31,"рм,редуктор,500,редуктор РМ-500 РМ-500-УХЛ 20 31",,,1,20,124,0,шт.,31,0,УХЛ/Двухступенчатые УХЛ
9288,,Редуктор РМ-500-УХЛ 20 23,,189250,1,,,42,Редуктор РМ-500-УХЛ 20 23,Редуктор РМ-500-УХЛ 20 23,"рм,редуктор,500,редуктор РМ-500 РМ-500-УХЛ 20 23",,,1,20,124,0,шт.,23,0,УХЛ/Двухступенчатые УХЛ
9287,,Редуктор РМ-500-УХЛ 20 22,,179000,1,,,41,Редуктор РМ-500-УХЛ 20 22,Редуктор РМ-500-УХЛ 20 22,"рм,редуктор,500,редуктор РМ-500 РМ-500-УХЛ 20 22",,,1,20,124,0,шт.,22,0,УХЛ/Двухступенчатые УХЛ
9286,,Редуктор РМ-500-УХЛ 20 21,,178750,1,,,40,Редуктор РМ-500-УХЛ 20 21,Редуктор РМ-500-УХЛ 20 21,"рм,редуктор,500,редуктор РМ-500 РМ-500-УХЛ 20 21",,,1,20,124,0,шт.,21,0,УХЛ/Двухступенчатые УХЛ
9285,,Редуктор РМ-500-УХЛ 20 13,,188500,1,,,39,Редуктор РМ-500-УХЛ 20 13,Редуктор РМ-500-УХЛ 20 13,"рм,редуктор,500,редуктор РМ-500 РМ-500-УХЛ 20 13",,,1,20,124,0,шт.,13,0,УХЛ/Двухступенчатые УХЛ
9284,,Редуктор РМ-500-УХЛ 20 12,,178250,1,,,38,Редуктор РМ-500-УХЛ 20 12,Редуктор РМ-500-УХЛ 20 12,"рм,редуктор,500,редуктор РМ-500 РМ-500-УХЛ 20 12",,,1,20,124,0,шт.,12,0,УХЛ/Двухступенчатые УХЛ
9283,,Редуктор РМ-500-УХЛ 20 11,,178000,1,,,37,Редуктор РМ-500-УХЛ 20 11,Редуктор РМ-500-УХЛ 20 11,"рм,редуктор,500,редуктор РМ-500 РМ-500-УХЛ 20 11",,,1,20,124,0,шт.,11,0,УХЛ/Двухступенчатые УХЛ
9282,,Редуктор РМ-500-УХЛ 16 33,,191750,1,,,36,Редуктор РМ-500-УХЛ 16 33,Редуктор РМ-500-УХЛ 16 33,"рм,редуктор,500,редуктор РМ-500 РМ-500-УХЛ 16 33",,,1,16,124,0,шт.,33,0,УХЛ/Двухступенчатые УХЛ
9281,,Редуктор РМ-500-УХЛ 16 32,,181500,1,,,35,Редуктор РМ-500-УХЛ 16 32,Редуктор РМ-500-УХЛ 16 32,"рм,редуктор,500,редуктор РМ-500 РМ-500-УХЛ 16 32",,,1,16,124,0,шт.,32,0,УХЛ/Двухступенчатые УХЛ
9280,,Редуктор РМ-500-УХЛ 16 31,,181250,1,,,34,Редуктор РМ-500-УХЛ 16 31,Редуктор РМ-500-УХЛ 16 31,"рм,редуктор,500,редуктор РМ-500 РМ-500-УХЛ 16 31",,,1,16,124,0,шт.,31,0,УХЛ/Двухступенчатые УХЛ
9279,,Редуктор РМ-500-УХЛ 16 23,,187000,1,,,33,Редуктор РМ-500-УХЛ 16 23,Редуктор РМ-500-УХЛ 16 23,"рм,редуктор,500,редуктор РМ-500 РМ-500-УХЛ 16 23",,,1,16,124,0,шт.,23,0,УХЛ/Двухступенчатые УХЛ
9278,,Редуктор РМ-500-УХЛ 16 22,,176750,1,,,32,Редуктор РМ-500-УХЛ 16 22,Редуктор РМ-500-УХЛ 16 22,"рм,редуктор,500,редуктор РМ-500 РМ-500-УХЛ 16 22",,,1,16,124,0,шт.,22,0,УХЛ/Двухступенчатые УХЛ
9277,,Редуктор РМ-500-УХЛ 16 21,,176500,1,,,31,Редуктор РМ-500-УХЛ 16 21,Редуктор РМ-500-УХЛ 16 21,"рм,редуктор,500,редуктор РМ-500 РМ-500-УХЛ 16 21",,,1,16,124,0,шт.,21,0,УХЛ/Двухступенчатые УХЛ
9276,,Редуктор РМ-500-УХЛ 16 13,,186250,1,,,30,Редуктор РМ-500-УХЛ 16 13,Редуктор РМ-500-УХЛ 16 13,"рм,редуктор,500,редуктор РМ-500 РМ-500-УХЛ 16 13",,,1,16,124,0,шт.,13,0,УХЛ/Двухступенчатые УХЛ
9275,,Редуктор РМ-500-УХЛ 16 12,,176000,1,,,29,Редуктор РМ-500-УХЛ 16 12,Редуктор РМ-500-УХЛ 16 12,"рм,редуктор,500,редуктор РМ-500 РМ-500-УХЛ 16 12",,,1,16,124,0,шт.,12,0,УХЛ/Двухступенчатые УХЛ
9274,,Редуктор РМ-500-УХЛ 16 11,,175750,1,,,28,Редуктор РМ-500-УХЛ 16 11,Редуктор РМ-500-УХЛ 16 11,"рм,редуктор,500,редуктор РМ-500 РМ-500-УХЛ 16 11",,,1,16,124,0,шт.,11,0,УХЛ/Двухступенчатые УХЛ
9273,,Редуктор РМ-500-УХЛ 12.5 33,,204500,1,,,27,Редуктор РМ-500-УХЛ 12.5 33,Редуктор РМ-500-УХЛ 12.5 33,"рм,редуктор,500,редуктор РМ-500 РМ-500-УХЛ 12.5 33",,,1,12.5,124,0,шт.,33,0,УХЛ/Двухступенчатые УХЛ
9272,,Редуктор РМ-500-УХЛ 12.5 32,,194250,1,,,26,Редуктор РМ-500-УХЛ 12.5 32,Редуктор РМ-500-УХЛ 12.5 32,"рм,редуктор,500,редуктор РМ-500 РМ-500-УХЛ 12.5 32",,,1,12.5,124,0,шт.,32,0,УХЛ/Двухступенчатые УХЛ
9271,,Редуктор РМ-500-УХЛ 12.5 31,,194000,1,,,25,Редуктор РМ-500-УХЛ 12.5 31,Редуктор РМ-500-УХЛ 12.5 31,"рм,редуктор,500,редуктор РМ-500 РМ-500-УХЛ 12.5 31",,,1,12.5,124,0,шт.,31,0,УХЛ/Двухступенчатые УХЛ
9270,,Редуктор РМ-500-УХЛ 12.5 23,,199750,1,,,24,Редуктор РМ-500-УХЛ 12.5 23,Редуктор РМ-500-УХЛ 12.5 23,"рм,редуктор,500,редуктор РМ-500 РМ-500-УХЛ 12.5 23",,,1,12.5,124,0,шт.,23,0,УХЛ/Двухступенчатые УХЛ
9269,,Редуктор РМ-500-УХЛ 12.5 22,,189500,1,,,23,Редуктор РМ-500-УХЛ 12.5 22,Редуктор РМ-500-УХЛ 12.5 22,"рм,редуктор,500,редуктор РМ-500 РМ-500-УХЛ 12.5 22",,,1,12.5,124,0,шт.,22,0,УХЛ/Двухступенчатые УХЛ
9268,,Редуктор РМ-500-УХЛ 12.5 21,,189250,1,,,22,Редуктор РМ-500-УХЛ 12.5 21,Редуктор РМ-500-УХЛ 12.5 21,"рм,редуктор,500,редуктор РМ-500 РМ-500-УХЛ 12.5 21",,,1,12.5,124,0,шт.,21,0,УХЛ/Двухступенчатые УХЛ
9267,,Редуктор РМ-500-УХЛ 12.5 13,,199000,1,,,21,Редуктор РМ-500-УХЛ 12.5 13,Редуктор РМ-500-УХЛ 12.5 13,"рм,редуктор,500,редуктор РМ-500 РМ-500-УХЛ 12.5 13",,,1,12.5,124,0,шт.,13,0,УХЛ/Двухступенчатые УХЛ
9266,,Редуктор РМ-500-УХЛ 12.5 12,,188750,1,,,20,Редуктор РМ-500-УХЛ 12.5 12,Редуктор РМ-500-УХЛ 12.5 12,"рм,редуктор,500,редуктор РМ-500 РМ-500-УХЛ 12.5 12",,,1,12.5,124,0,шт.,12,0,УХЛ/Двухступенчатые УХЛ
9265,,Редуктор РМ-500-УХЛ 12.5 11,,188500,1,,,19,Редуктор РМ-500-УХЛ 12.5 11,Редуктор РМ-500-УХЛ 12.5 11,"рм,редуктор,500,редуктор РМ-500 РМ-500-УХЛ 12.5 11",,,1,12.5,124,0,шт.,11,0,УХЛ/Двухступенчатые УХЛ
9264,,Редуктор РМ-500-УХЛ 10 33,,202250,1,,,18,Редуктор РМ-500-УХЛ 10 33,Редуктор РМ-500-УХЛ 10 33,"рм,редуктор,500,редуктор РМ-500 РМ-500-УХЛ 10 33",,,1,10,1564,0,шт.,33,0,УХЛ/Двухступенчатые УХЛ
9263,,Редуктор РМ-500-УХЛ 10 32,,192000,1,,,17,Редуктор РМ-500-УХЛ 10 32,Редуктор РМ-500-УХЛ 10 32,"рм,редуктор,500,редуктор РМ-500 РМ-500-УХЛ 10 32",,,1,10,1456,0,шт.,32,0,УХЛ/Двухступенчатые УХЛ
9262,,Редуктор РМ-500-УХЛ 10 31,,191750,1,,,16,Редуктор РМ-500-УХЛ 10 31,Редуктор РМ-500-УХЛ 10 31,"рм,редуктор,500,редуктор РМ-500 РМ-500-УХЛ 10 31",,,1,10,1532,0,шт.,31,0,УХЛ/Двухступенчатые УХЛ
9261,,Редуктор РМ-500-УХЛ 10 23,,197500,1,,,15,Редуктор РМ-500-УХЛ 10 23,Редуктор РМ-500-УХЛ 10 23,"рм,редуктор,500,редуктор РМ-500 РМ-500-УХЛ 10 23",,,1,10,121,0,шт.,23,0,УХЛ/Двухступенчатые УХЛ
9260,,Редуктор РМ-500-УХЛ 10 22,,187250,1,,,14,Редуктор РМ-500-УХЛ 10 22,Редуктор РМ-500-УХЛ 10 22,"рм,редуктор,500,редуктор РМ-500 РМ-500-УХЛ 10 22",,,1,10,166,0,шт.,22,0,УХЛ/Двухступенчатые УХЛ
9259,,Редуктор РМ-500-УХЛ 10 21,,187000,1,,,13,Редуктор РМ-500-УХЛ 10 21,Редуктор РМ-500-УХЛ 10 21,"рм,редуктор,500,редуктор РМ-500 РМ-500-УХЛ 10 21",,,1,10,162,0,шт.,21,0,УХЛ/Двухступенчатые УХЛ
9258,,Редуктор РМ-500-УХЛ 10 13,,196750,1,,,12,Редуктор РМ-500-УХЛ 10 13,Редуктор РМ-500-УХЛ 10 13,"рм,редуктор,500,редуктор РМ-500 РМ-500-УХЛ 10 13",,,1,10,456,0,шт.,13,0,УХЛ/Двухступенчатые УХЛ
9257,,Редуктор РМ-500-УХЛ 10 12,,186500,1,,,11,Редуктор РМ-500-УХЛ 10 12,Редуктор РМ-500-УХЛ 10 12,"рм,редуктор,500,редуктор РМ-500 РМ-500-УХЛ 10 12",,,1,10,452,0,шт.,12,0,УХЛ/Двухступенчатые УХЛ
9256,,Редуктор РМ-500-УХЛ 10 11,,186250,1,,,10,Редуктор РМ-500-УХЛ 10 11,Редуктор РМ-500-УХЛ 10 11,"рм,редуктор,500,редуктор РМ-500 РМ-500-УХЛ 10 11",,,1,10,248,0,шт.,11,0,УХЛ/Двухступенчатые УХЛ
9255,,Редуктор РМ-500-УХЛ 8 33,,200000,1,,,9,Редуктор РМ-500-УХЛ 8 33,Редуктор РМ-500-УХЛ 8 33,"рм,редуктор,500,редуктор РМ-500 РМ-500-УХЛ 8 33",,,1,8,13969,0,шт.,33,0,УХЛ/Двухступенчатые УХЛ
9254,,Редуктор РМ-500-УХЛ 8 32,,189750,1,,,8,Редуктор РМ-500-УХЛ 8 32,Редуктор РМ-500-УХЛ 8 32,"рм,редуктор,500,редуктор РМ-500 РМ-500-УХЛ 8 32",,,1,8,124,0,шт.,32,0,УХЛ/Двухступенчатые УХЛ
9253,,Редуктор РМ-500-УХЛ 8 31,,189500,1,,,7,Редуктор РМ-500-УХЛ 8 31,Редуктор РМ-500-УХЛ 8 31,"рм,редуктор,500,редуктор РМ-500 РМ-500-УХЛ 8 31",,,1,8,124,0,шт.,31,0,УХЛ/Двухступенчатые УХЛ
9252,,Редуктор РМ-500-УХЛ 8 23,,195250,1,,,6,Редуктор РМ-500-УХЛ 8 23,Редуктор РМ-500-УХЛ 8 23,"рм,редуктор,500,редуктор РМ-500 РМ-500-УХЛ 8 23",,,1,8,124,0,шт.,23,0,УХЛ/Двухступенчатые УХЛ
9251,,Редуктор РМ-500-УХЛ 8 22,,185000,1,,,5,Редуктор РМ-500-УХЛ 8 22,Редуктор РМ-500-УХЛ 8 22,"рм,редуктор,500,редуктор РМ-500 РМ-500-УХЛ 8 22",,,1,8,124,0,шт.,22,0,УХЛ/Двухступенчатые УХЛ
9250,,Редуктор РМ-500-УХЛ 8 21,,184750,1,,,4,Редуктор РМ-500-УХЛ 8 21,Редуктор РМ-500-УХЛ 8 21,"рм,редуктор,500,редуктор РМ-500 РМ-500-УХЛ 8 21",,,1,8,124,0,шт.,21,0,УХЛ/Двухступенчатые УХЛ
9249,,Редуктор РМ-500-УХЛ 8 13,,194500,1,,,3,Редуктор РМ-500-УХЛ 8 13,Редуктор РМ-500-УХЛ 8 13,"рм,редуктор,500,редуктор РМ-500 РМ-500-УХЛ 8 13",,,1,8,124,0,шт.,13,0,УХЛ/Двухступенчатые УХЛ
9248,,Редуктор РМ-500-УХЛ 8 12,,184250,1,,,2,Редуктор РМ-500-УХЛ 8 12,Редуктор РМ-500-УХЛ 8 12,"рм,редуктор,500,редуктор РМ-500 РМ-500-УХЛ 8 12",,,1,8,124,0,шт.,12,0,УХЛ/Двухступенчатые УХЛ
9247,,Редуктор РМ-500-УХЛ 8 11,,184000,1,,,1,Редуктор РМ-500-УХЛ 8 11,Редуктор РМ-500-УХЛ 8 11,"рм,редуктор,500,редуктор РМ-500 РМ-500-УХЛ 8 11",,,1,8,124,0,шт.,11,0,УХЛ/Двухступенчатые УХЛ
9246,,Редуктор РМ-500-УХЛ,"<p>Представляем вашему вниманию <strong>редуктор РМ-500</strong> — высокоэффективное решение для широкого спектра промышленных задач. Этот редуктор создан с учетом самых современных технологий, что обеспечивает его <strong>долговечность и надежность</strong> в работе. Корпус редуктора выполнен из высококачественных материалов, что дает дополнительную защиту от коррозии и механических повреждений. Его конструкция позволяет максимально эффективно передавать крутящий момент, что способствует значительной экономии энергии и снижению эксплуатационных затрат.

Редуктор РМ-500 прост в установке и обслуживании, что позволяет минимизировать время простоя оборудования и повысить общую производительность системы. Он подходит для использования в различных отраслях, включая машиностроение, металлообработку, транспорт и другие сферы, где требуется надежная передача мощности.

Выбирая <strong>редуктор РМ-500</strong>, вы инвестируете в <strong>передовые технологии и качество</strong>, которые обеспечат бесперебойную работу вашего оборудования на долгие годы. Доверяйте проверенным решениям и улучшайте произ
водительность ваших систем уже сегодня!</p>",168750,1,KG-009-4,"Тип передачи/Цилиндрический#Количество ступеней передачи/Двухступенчатый#Крутящий момент Н*м/1700#КПД, не менее, %/98",1,Редуктор РМ-500 – Надежные и высококачественные редукторы для промышленного оборудования ,"Купите редуктор РМ-500 по выгодной цене. Надежность, долговечность и высокая эффективность для вашего промышленного оборудования. Подходит для различных областей применения. Закажите сейчас! ","рм,редуктор,500,редуктор РМ-500 РМ-500, купить рм,редуктор,500,редуктор РМ-500, промышленные рм,редуктор,500,редуктор РМ-500ы, рм,редуктор,500,редуктор РМ-500ы для оборудования, надежные рм,редуктор,500,редуктор РМ-500ы, рм,редуктор,500,редуктор РМ-500 цена ",,"/UserFiles/Image/Catalog/rm/Rm_krangear.jpg,/UserFiles/Image/Catalog/rm/Rm_cborka_krangear.jpg",0,"9247,9248,9249,9250,9251,9252,9253,9254,9255,9256,9257,9258,9259,9260,9261,9262,9263,9264,9265,9266,9267,9268,9269,9270,9271,9272,9273,9274,9275,9276,9277,9278,9279,9280,9281,9282,9283,9284,9285,9286,9287,9288,9289,9290,9291,9292,9293,9294,9295,9296,9297,9298,9299,9300,9301,9302,9303,9304,9305,9306,9307,9308,9309,9310,9311,9312,9313,9314,9315,9316,9317,9318,9319,9320,9321,9322,9323,9324,9325,9326,9327 ",124,390000,шт.,,"9990,9991,9992,9993,9994,9995,9996,9997,9998,9999",УХЛ/Двухступенчатые УХЛ
9245,,Редуктор РМ-500-У1 50 33,,203000,1,,,81,Редуктор РМ-500-УХЛ 50 33,Редуктор РМ-500-УХЛ 50 33,"рм,редуктор,500,редуктор РМ-500 РМ-500-УХЛ 50 33",,,1,50,124,0,шт.,33,0,У1/Двухступенчатые У1
9244,,Редуктор РМ-500-У1 50 32,,192750,1,,,80,Редуктор РМ-500-УХЛ 50 32,Редуктор РМ-500-УХЛ 50 32,"рм,редуктор,500,редуктор РМ-500 РМ-500-УХЛ 50 32",,,1,50,124,0,шт.,32,0,У1/Двухступенчатые У1
9243,,Редуктор РМ-500-У1 50 31,,192500,1,,,79,Редуктор РМ-500-УХЛ 50 31,Редуктор РМ-500-УХЛ 50 31,"рм,редуктор,500,редуктор РМ-500 РМ-500-УХЛ 50 31",,,1,50,124,0,шт.,31,0,У1/Двухступенчатые У1
9242,,Редуктор РМ-500-У1 50 23,,198250,1,,,78,Редуктор РМ-500-УХЛ 50 23,Редуктор РМ-500-УХЛ 50 23,"рм,редуктор,500,редуктор РМ-500 РМ-500-УХЛ 50 23",,,1,50,124,0,шт.,23,0,У1/Двухступенчатые У1
9241,,Редуктор РМ-500-У1 50 22,,188000,1,,,77,Редуктор РМ-500-УХЛ 50 22,Редуктор РМ-500-УХЛ 50 22,"рм,редуктор,500,редуктор РМ-500 РМ-500-УХЛ 50 22",,,1,50,124,0,шт.,22,0,У1/Двухступенчатые У1
9240,,Редуктор РМ-500-У1 50 21,,187750,1,,,76,Редуктор РМ-500-УХЛ 50 21,Редуктор РМ-500-УХЛ 50 21,"рм,редуктор,500,редуктор РМ-500 РМ-500-УХЛ 50 21",,,1,50,124,0,шт.,21,0,У1/Двухступенчатые У1
9239,,Редуктор РМ-500-У1 50 13,,197500,1,,,75,Редуктор РМ-500-УХЛ 50 13,Редуктор РМ-500-УХЛ 50 13,"рм,редуктор,500,редуктор РМ-500 РМ-500-УХЛ 50 13",,,1,50,124,0,шт.,13,0,У1/Двухступенчатые У1
9238,,Редуктор РМ-500-У1 50 12,,187250,1,,,74,Редуктор РМ-500-УХЛ 50 12,Редуктор РМ-500-УХЛ 50 12,"рм,редуктор,500,редуктор РМ-500 РМ-500-УХЛ 50 12",,,1,50,124,0,шт.,12,0,У1/Двухступенчатые У1
9237,,Редуктор РМ-500-У1 50 11,,187000,1,,,73,Редуктор РМ-500-УХЛ 50 11,Редуктор РМ-500-УХЛ 50 11,"рм,редуктор,500,редуктор РМ-500 РМ-500-УХЛ 50 11",,,1,50,124,0,шт.,11,0,У1/Двухступенчатые У1
9236,,Редуктор РМ-500-У1 40 33,,200750,1,,,72,Редуктор РМ-500-У1 40 33,Редуктор РМ-500-У1 40 33,"рм,редуктор,500,редуктор РМ-500 РМ-500-У1 40 33",,,1,40,124,0,шт.,33,0,У1/Двухступенчатые У1
9235,,Редуктор РМ-500-У1 40 32,,190500,1,,,71,Редуктор РМ-500-У1 40 32,Редуктор РМ-500-У1 40 32,"рм,редуктор,500,редуктор РМ-500 РМ-500-У1 40 32",,,1,40,124,0,шт.,32,0,У1/Двухступенчатые У1
9234,,Редуктор РМ-500-У1 40 31,,190250,1,,,70,Редуктор РМ-500-У1 40 31,Редуктор РМ-500-У1 40 31,"рм,редуктор,500,редуктор РМ-500 РМ-500-У1 40 31",,,1,40,124,0,шт.,31,0,У1/Двухступенчатые У1
9233,,Редуктор РМ-500-У1 40 23,,196000,1,,,69,Редуктор РМ-500-У1 40 23,Редуктор РМ-500-У1 40 23,"рм,редуктор,500,редуктор РМ-500 РМ-500-У1 40 23",,,1,40,124,0,шт.,23,0,У1/Двухступенчатые У1
9232,,Редуктор РМ-500-У1 40 22,,185750,1,,,68,Редуктор РМ-500-У1 40 22,Редуктор РМ-500-У1 40 22,"рм,редуктор,500,редуктор РМ-500 РМ-500-У1 40 22",,,1,40,124,0,шт.,22,0,У1/Двухступенчатые У1
9231,,Редуктор РМ-500-У1 40 21,,185500,1,,,67,Редуктор РМ-500-У1 40 21,Редуктор РМ-500-У1 40 21,"рм,редуктор,500,редуктор РМ-500 РМ-500-У1 40 21",,,1,40,124,0,шт.,21,0,У1/Двухступенчатые У1
9230,,Редуктор РМ-500-У1 40 13,,195250,1,,,66,Редуктор РМ-500-У1 40 13,Редуктор РМ-500-У1 40 13,"рм,редуктор,500,редуктор РМ-500 РМ-500-У1 40 13",,,1,40,124,0,шт.,13,0,У1/Двухступенчатые У1
9229,,Редуктор РМ-500-У1 40 12,,185000,1,,,65,Редуктор РМ-500-У1 40 12,Редуктор РМ-500-У1 40 12,"рм,редуктор,500,редуктор РМ-500 РМ-500-У1 40 12",,,1,40,124,0,шт.,12,0,У1/Двухступенчатые У1
9228,,Редуктор РМ-500-У1 40 11,,184750,1,,,64,Редуктор РМ-500-У1 40 11,Редуктор РМ-500-У1 40 11,"рм,редуктор,500,редуктор РМ-500 РМ-500-У1 40 11",,,1,40,124,0,шт.,11,0,У1/Двухступенчатые У1
9227,,Редуктор РМ-500-У1 31.5 33,,198500,1,,,63,Редуктор РМ-500-У1 31.5 33,Редуктор РМ-500-У1 31.5 33,"рм,редуктор,500,редуктор РМ-500 РМ-500-У1 31.5 33",,,1,31.5,124,0,шт.,33,0,У1/Двухступенчатые У1
9226,,Редуктор РМ-500-У1 31.5 32,,188250,1,,,62,Редуктор РМ-500-У1 31.5 32,Редуктор РМ-500-У1 31.5 32,"рм,редуктор,500,редуктор РМ-500 РМ-500-У1 31.5 32",,,1,31.5,124,0,шт.,32,0,У1/Двухступенчатые У1
9225,,Редуктор РМ-500-У1 31.5 31,,188000,1,,,61,Редуктор РМ-500-У1 31.5 31,Редуктор РМ-500-У1 31.5 31,"рм,редуктор,500,редуктор РМ-500 РМ-500-У1 31.5 31",,,1,31.5,124,0,шт.,31,0,У1/Двухступенчатые У1
9224,,Редуктор РМ-500-У1 31.5 23,,193750,1,,,60,Редуктор РМ-500-У1 31.5 23,Редуктор РМ-500-У1 31.5 23,"рм,редуктор,500,редуктор РМ-500 РМ-500-У1 31.5 23",,,1,31.5,124,0,шт.,23,0,У1/Двухступенчатые У1
9223,,Редуктор РМ-500-У1 31.5 22,,183500,1,,,59,Редуктор РМ-500-У1 31.5 22,Редуктор РМ-500-У1 31.5 22,"рм,редуктор,500,редуктор РМ-500 РМ-500-У1 31.5 22",,,1,31.5,124,0,шт.,22,0,У1/Двухступенчатые У1
9222,,Редуктор РМ-500-У1 31.5 21,,183250,1,,,58,Редуктор РМ-500-У1 31.5 21,Редуктор РМ-500-У1 31.5 21,"рм,редуктор,500,редуктор РМ-500 РМ-500-У1 31.5 21",,,1,31.5,124,0,шт.,21,0,У1/Двухступенчатые У1
9221,,Редуктор РМ-500-У1 31.5 13,,193000,1,,,57,Редуктор РМ-500-У1 31.5 13,Редуктор РМ-500-У1 31.5 13,"рм,редуктор,500,редуктор РМ-500 РМ-500-У1 31.5 13",,,1,31.5,124,0,шт.,13,0,У1/Двухступенчатые У1
9220,,Редуктор РМ-500-У1 31.5 12,,182750,1,,,56,Редуктор РМ-500-У1 31.5 12,Редуктор РМ-500-У1 31.5 12,"рм,редуктор,500,редуктор РМ-500 РМ-500-У1 31.5 12",,,1,31.5,124,0,шт.,12,0,У1/Двухступенчатые У1
9219,,Редуктор РМ-500-У1 31.5 11,,182500,1,,,55,Редуктор РМ-500-У1 31.5 11,Редуктор РМ-500-У1 31.5 11,"рм,редуктор,500,редуктор РМ-500 РМ-500-У1 31.5 11",,,1,31.5,124,0,шт.,11,0,У1/Двухступенчатые У1
9218,,Редуктор РМ-500-У1 25 33,,196250,1,,,54,Редуктор РМ-500-У1 25 33,Редуктор РМ-500-У1 25 33,"рм,редуктор,500,редуктор РМ-500 РМ-500-У1 25 33",,,1,25,124,0,шт.,33,0,У1/Двухступенчатые У1
9217,,Редуктор РМ-500-У1 25 32,,186000,1,,,53,Редуктор РМ-500-У1 25 32,Редуктор РМ-500-У1 25 32,"рм,редуктор,500,редуктор РМ-500 РМ-500-У1 25 32",,,1,25,124,0,шт.,32,0,У1/Двухступенчатые У1
9216,,Редуктор РМ-500-У1 25 31,,185750,1,,,52,Редуктор РМ-500-У1 25 31,Редуктор РМ-500-У1 25 31,"рм,редуктор,500,редуктор РМ-500 РМ-500-У1 25 31",,,1,25,124,0,шт.,31,0,У1/Двухступенчатые У1
9215,,Редуктор РМ-500-У1 25 23,,191500,1,,,51,Редуктор РМ-500-У1 25 23,Редуктор РМ-500-У1 25 23,"рм,редуктор,500,редуктор РМ-500 РМ-500-У1 25 23",,,1,25,124,0,шт.,23,0,У1/Двухступенчатые У1
9214,,Редуктор РМ-500-У1 25 22,,181250,1,,,50,Редуктор РМ-500-У1 25 22,Редуктор РМ-500-У1 25 22,"рм,редуктор,500,редуктор РМ-500 РМ-500-У1 25 22",,,1,25,124,0,шт.,22,0,У1/Двухступенчатые У1
9213,,Редуктор РМ-500-У1 25 21,,181000,1,,,49,Редуктор РМ-500-У1 25 21,Редуктор РМ-500-У1 25 21,"рм,редуктор,500,редуктор РМ-500 РМ-500-У1 25 21",,,1,25,124,0,шт.,21,0,У1/Двухступенчатые У1
9212,,Редуктор РМ-500-У1 25 13,,190750,1,,,48,Редуктор РМ-500-У1 25 13,Редуктор РМ-500-У1 25 13,"рм,редуктор,500,редуктор РМ-500 РМ-500-У1 25 13",,,1,25,124,0,шт.,13,0,У1/Двухступенчатые У1
9211,,Редуктор РМ-500-У1 25 12,,180500,1,,,47,Редуктор РМ-500-У1 25 12,Редуктор РМ-500-У1 25 12,"рм,редуктор,500,редуктор РМ-500 РМ-500-У1 25 12",,,1,25,124,0,шт.,12,0,У1/Двухступенчатые У1
9210,,Редуктор РМ-500-У1 25 11,,180250,1,,,46,Редуктор РМ-500-У1 25 11,Редуктор РМ-500-У1 25 11,"рм,редуктор,500,редуктор РМ-500 РМ-500-У1 25 11",,,1,25,124,0,шт.,11,0,У1/Двухступенчатые У1
9209,,Редуктор РМ-500-У1 20 33,,194000,1,,,45,Редуктор РМ-500-У1 20 33,Редуктор РМ-500-У1 20 33,"рм,редуктор,500,редуктор РМ-500 РМ-500-У1 20 33",,,1,20,124,0,шт.,33,0,У1/Двухступенчатые У1
9208,,Редуктор РМ-500-У1 20 32,,183750,1,,,44,Редуктор РМ-500-У1 20 32,Редуктор РМ-500-У1 20 32,"рм,редуктор,500,редуктор РМ-500 РМ-500-У1 20 32",,,1,20,124,0,шт.,32,0,У1/Двухступенчатые У1
9207,,Редуктор РМ-500-У1 20 31,,183500,1,,,43,Редуктор РМ-500-У1 20 31,Редуктор РМ-500-У1 20 31,"рм,редуктор,500,редуктор РМ-500 РМ-500-У1 20 31",,,1,20,124,0,шт.,31,0,У1/Двухступенчатые У1
9206,,Редуктор РМ-500-У1 20 23,,189250,1,,,42,Редуктор РМ-500-У1 20 23,Редуктор РМ-500-У1 20 23,"рм,редуктор,500,редуктор РМ-500 РМ-500-У1 20 23",,,1,20,124,0,шт.,23,0,У1/Двухступенчатые У1
9205,,Редуктор РМ-500-У1 20 22,,179000,1,,,41,Редуктор РМ-500-У1 20 22,Редуктор РМ-500-У1 20 22,"рм,редуктор,500,редуктор РМ-500 РМ-500-У1 20 22",,,1,20,124,0,шт.,22,0,У1/Двухступенчатые У1
9204,,Редуктор РМ-500-У1 20 21,,178750,1,,,40,Редуктор РМ-500-У1 20 21,Редуктор РМ-500-У1 20 21,"рм,редуктор,500,редуктор РМ-500 РМ-500-У1 20 21",,,1,20,124,0,шт.,21,0,У1/Двухступенчатые У1
9203,,Редуктор РМ-500-У1 20 13,,188500,1,,,39,Редуктор РМ-500-У1 20 13,Редуктор РМ-500-У1 20 13,"рм,редуктор,500,редуктор РМ-500 РМ-500-У1 20 13",,,1,20,124,0,шт.,13,0,У1/Двухступенчатые У1
9202,,Редуктор РМ-500-У1 20 12,,178250,1,,,38,Редуктор РМ-500-У1 20 12,Редуктор РМ-500-У1 20 12,"рм,редуктор,500,редуктор РМ-500 РМ-500-У1 20 12",,,1,20,124,0,шт.,12,0,У1/Двухступенчатые У1
9201,,Редуктор РМ-500-У1 20 11,,178000,1,,,37,Редуктор РМ-500-У1 20 11,Редуктор РМ-500-У1 20 11,"рм,редуктор,500,редуктор РМ-500 РМ-500-У1 20 11",,,1,20,124,0,шт.,11,0,У1/Двухступенчатые У1
9200,,Редуктор РМ-500-У1 16 33,,191750,1,,,36,Редуктор РМ-500-У1 16 33,Редуктор РМ-500-У1 16 33,"рм,редуктор,500,редуктор РМ-500 РМ-500-У1 16 33",,,1,16,124,0,шт.,33,0,У1/Двухступенчатые У1
9199,,Редуктор РМ-500-У1 16 32,,181500,1,,,35,Редуктор РМ-500-У1 16 32,Редуктор РМ-500-У1 16 32,"рм,редуктор,500,редуктор РМ-500 РМ-500-У1 16 32",,,1,16,124,0,шт.,32,0,У1/Двухступенчатые У1
9198,,Редуктор РМ-500-У1 16 31,,181250,1,,,34,Редуктор РМ-500-У1 16 31,Редуктор РМ-500-У1 16 31,"рм,редуктор,500,редуктор РМ-500 РМ-500-У1 16 31",,,1,16,124,0,шт.,31,0,У1/Двухступенчатые У1
9197,,Редуктор РМ-500-У1 16 23,,187000,1,,,33,Редуктор РМ-500-У1 16 23,Редуктор РМ-500-У1 16 23,"рм,редуктор,500,редуктор РМ-500 РМ-500-У1 16 23",,,1,16,124,0,шт.,23,0,У1/Двухступенчатые У1
9196,,Редуктор РМ-500-У1 16 22,,176750,1,,,32,Редуктор РМ-500-У1 16 22,Редуктор РМ-500-У1 16 22,"рм,редуктор,500,редуктор РМ-500 РМ-500-У1 16 22",,,1,16,124,0,шт.,22,0,У1/Двухступенчатые У1
9195,,Редуктор РМ-500-У1 16 21,,176500,1,,,31,Редуктор РМ-500-У1 16 21,Редуктор РМ-500-У1 16 21,"рм,редуктор,500,редуктор РМ-500 РМ-500-У1 16 21",,,1,16,124,0,шт.,21,0,У1/Двухступенчатые У1
9194,,Редуктор РМ-500-У1 16 13,,186250,1,,,30,Редуктор РМ-500-У1 16 13,Редуктор РМ-500-У1 16 13,"рм,редуктор,500,редуктор РМ-500 РМ-500-У1 16 13",,,1,16,124,0,шт.,13,0,У1/Двухступенчатые У1
9193,,Редуктор РМ-500-У1 16 12,,176000,1,,,29,Редуктор РМ-500-У1 16 12,Редуктор РМ-500-У1 16 12,"рм,редуктор,500,редуктор РМ-500 РМ-500-У1 16 12",,,1,16,124,0,шт.,12,0,У1/Двухступенчатые У1
9192,,Редуктор РМ-500-У1 16 11,,175750,1,,,28,Редуктор РМ-500-У1 16 11,Редуктор РМ-500-У1 16 11,"рм,редуктор,500,редуктор РМ-500 РМ-500-У1 16 11",,,1,16,124,0,шт.,11,0,У1/Двухступенчатые У1
9191,,Редуктор РМ-500-У1 12.5 33,,204500,1,,,27,Редуктор РМ-500-У1 12.5 33,Редуктор РМ-500-У1 12.5 33,"рм,редуктор,500,редуктор РМ-500 РМ-500-У1 12.5 33",,,1,12.5,1564,0,шт.,33,0,У1/Двухступенчатые У1
9190,,Редуктор РМ-500-У1 12.5 32,,194250,1,,,26,Редуктор РМ-500-У1 12.5 32,Редуктор РМ-500-У1 12.5 32,"рм,редуктор,500,редуктор РМ-500 РМ-500-У1 12.5 32",,,1,12.5,1456,0,шт.,32,0,У1/Двухступенчатые У1
9189,,Редуктор РМ-500-У1 12.5 31,,194000,1,,,25,Редуктор РМ-500-У1 12.5 31,Редуктор РМ-500-У1 12.5 31,"рм,редуктор,500,редуктор РМ-500 РМ-500-У1 12.5 31",,,1,12.5,1532,0,шт.,31,0,У1/Двухступенчатые У1
9188,,Редуктор РМ-500-У1 12.5 23,,199750,1,,,24,Редуктор РМ-500-У1 12.5 23,Редуктор РМ-500-У1 12.5 23,"рм,редуктор,500,редуктор РМ-500 РМ-500-У1 12.5 23",,,1,12.5,121,0,шт.,23,0,У1/Двухступенчатые У1
9187,,Редуктор РМ-500-У1 12.5 22,,189500,1,,,23,Редуктор РМ-500-У1 12.5 22,Редуктор РМ-500-У1 12.5 22,"рм,редуктор,500,редуктор РМ-500 РМ-500-У1 12.5 22",,,1,12.5,166,0,шт.,22,0,У1/Двухступенчатые У1
9186,,Редуктор РМ-500-У1 12.5 21,,189250,1,,,22,Редуктор РМ-500-У1 12.5 21,Редуктор РМ-500-У1 12.5 21,"рм,редуктор,500,редуктор РМ-500 РМ-500-У1 12.5 21",,,1,12.5,162,0,шт.,21,0,У1/Двухступенчатые У1
9185,,Редуктор РМ-500-У1 12.5 13,,199000,1,,,21,Редуктор РМ-500-У1 12.5 13,Редуктор РМ-500-У1 12.5 13,"рм,редуктор,500,редуктор РМ-500 РМ-500-У1 12.5 13",,,1,12.5,456,0,шт.,13,0,У1/Двухступенчатые У1
9184,,Редуктор РМ-500-У1 12.5 12,,188750,1,,,20,Редуктор РМ-500-У1 12.5 12,Редуктор РМ-500-У1 12.5 12,"рм,редуктор,500,редуктор РМ-500 РМ-500-У1 12.5 12",,,1,12.5,452,0,шт.,12,0,У1/Двухступенчатые У1
9183,,Редуктор РМ-500-У1 12.5 11,,188500,1,,,19,Редуктор РМ-500-У1 12.5 11,Редуктор РМ-500-У1 12.5 11,"рм,редуктор,500,редуктор РМ-500 РМ-500-У1 12.5 11",,,1,12.5,248,0,шт.,11,0,У1/Двухступенчатые У1
9182,,Редуктор РМ-500-У1 10 33,,202250,1,,,18,Редуктор РМ-500-У1 10 33,Редуктор РМ-500-У1 10 33,"рм,редуктор,500,редуктор РМ-500 РМ-500-У1 10 33",,,1,10,13969,0,шт.,33,0,У1/Двухступенчатые У1
9181,,Редуктор РМ-500-У1 10 32,,192000,1,,,17,Редуктор РМ-500-У1 10 32,Редуктор РМ-500-У1 10 32,"рм,редуктор,500,редуктор РМ-500 РМ-500-У1 10 32",,,1,10,124,0,шт.,32,0,У1/Двухступенчатые У1
9180,,Редуктор РМ-500-У1 10 31,,191750,1,,,16,Редуктор РМ-500-У1 10 31,Редуктор РМ-500-У1 10 31,"рм,редуктор,500,редуктор РМ-500 РМ-500-У1 10 31",,,1,10,124,0,шт.,31,0,У1/Двухступенчатые У1
9179,,Редуктор РМ-500-У1 10 23,,197500,1,,,15,Редуктор РМ-500-У1 10 23,Редуктор РМ-500-У1 10 23,"рм,редуктор,500,редуктор РМ-500 РМ-500-У1 10 23",,,1,10,124,0,шт.,23,0,У1/Двухступенчатые У1
9178,,Редуктор РМ-500-У1 10 22,,187250,1,,,14,Редуктор РМ-500-У1 10 22,Редуктор РМ-500-У1 10 22,"рм,редуктор,500,редуктор РМ-500 РМ-500-У1 10 22",,,1,10,124,0,шт.,22,0,У1/Двухступенчатые У1
9177,,Редуктор РМ-500-У1 10 21,,187000,1,,,13,Редуктор РМ-500-У1 10 21,Редуктор РМ-500-У1 10 21,"рм,редуктор,500,редуктор РМ-500 РМ-500-У1 10 21",,,1,10,124,0,шт.,21,0,У1/Двухступенчатые У1
9176,,Редуктор РМ-500-У1 10 13,,196750,1,,,12,Редуктор РМ-500-У1 10 13,Редуктор РМ-500-У1 10 13,"рм,редуктор,500,редуктор РМ-500 РМ-500-У1 10 13",,,1,10,124,0,шт.,13,0,У1/Двухступенчатые У1
9175,,Редуктор РМ-500-У1 10 12,,186500,1,,,11,Редуктор РМ-500-У1 10 12,Редуктор РМ-500-У1 10 12,"рм,редуктор,500,редуктор РМ-500 РМ-500-У1 10 12",,,1,10,124,0,шт.,12,0,У1/Двухступенчатые У1
9174,,Редуктор РМ-500-У1 10 11,,186250,1,,,10,Редуктор РМ-500-У1 10 11,Редуктор РМ-500-У1 10 11,"рм,редуктор,500,редуктор РМ-500 РМ-500-У1 10 11",,,1,10,124,0,шт.,11,0,У1/Двухступенчатые У1
9173,,Редуктор РМ-500-У1 8 33,,200000,1,,,9,Редуктор РМ-500-У1 8 33,Редуктор РМ-500-У1 8 33,"рм,редуктор,500,редуктор РМ-500 РМ-500-У1 8 33",,,1,8,124,0,шт.,33,0,У1/Двухступенчатые У1
9172,,Редуктор РМ-500-У1 8 32,,189750,1,,,8,Редуктор РМ-500-У1 8 32,Редуктор РМ-500-У1 8 32,"рм,редуктор,500,редуктор РМ-500 РМ-500-У1 8 32",,,1,8,124,0,шт.,32,0,У1/Двухступенчатые У1
9171,,Редуктор РМ-500-У1 8 31,,189500,1,,,7,Редуктор РМ-500-У1 8 31,Редуктор РМ-500-У1 8 31,"рм,редуктор,500,редуктор РМ-500 РМ-500-У1 8 31",,,1,8,124,0,шт.,31,0,У1/Двухступенчатые У1
9170,,Редуктор РМ-500-У1 8 23,,195250,1,,,6,Редуктор РМ-500-У1 8 23,Редуктор РМ-500-У1 8 23,"рм,редуктор,500,редуктор РМ-500 РМ-500-У1 8 23",,,1,8,124,0,шт.,23,0,У1/Двухступенчатые У1
9169,,Редуктор РМ-500-У1 8 22,,185000,1,,,5,Редуктор РМ-500-У1 8 22,Редуктор РМ-500-У1 8 22,"рм,редуктор,500,редуктор РМ-500 РМ-500-У1 8 22",,,1,8,124,0,шт.,22,0,У1/Двухступенчатые У1
9168,,Редуктор РМ-500-У1 8 21,,184750,1,,,4,Редуктор РМ-500-У1 8 21,Редуктор РМ-500-У1 8 21,"рм,редуктор,500,редуктор РМ-500 РМ-500-У1 8 21",,,1,8,124,0,шт.,21,0,У1/Двухступенчатые У1
9167,,Редуктор РМ-500-У1 8 13,,194500,1,,,3,Редуктор РМ-500-У1 8 13,Редуктор РМ-500-У1 8 13,"рм,редуктор,500,редуктор РМ-500 РМ-500-У1 8 13",,,1,8,124,0,шт.,13,0,У1/Двухступенчатые У1
9166,,Редуктор РМ-500-У1 8 12,,184250,1,,,2,Редуктор РМ-500-У1 8 12,Редуктор РМ-500-У1 8 12,"рм,редуктор,500,редуктор РМ-500 РМ-500-У1 8 12",,,1,8,124,0,шт.,12,0,У1/Двухступенчатые У1
9165,,Редуктор РМ-500-У1 8 11,,184000,1,,,1,Редуктор РМ-500-У1 8 11,Редуктор РМ-500-У1 8 11,"рм,редуктор,500,редуктор РМ-500 РМ-500-У1 8 11",,,1,8,124,0,шт.,11,0,У1/Двухступенчатые У1
9164,,Редуктор РМ-500-У1,"<p>Представляем вашему вниманию <strong>редуктор РМ-500</strong> — высокоэффективное решение для широкого спектра промышленных задач. Этот редуктор создан с учетом самых современных технологий, что обеспечивает его <strong>долговечность и надежность</strong> в работе. Корпус редуктора выполнен из высококачественных материалов, что дает дополнительную защиту от коррозии и механических повреждений. Его конструкция позволяет максимально эффективно передавать крутящий момент, что способствует значительной экономии энергии и снижению эксплуатационных затрат.

Редуктор РМ-500 прост в установке и обслуживании, что позволяет минимизировать время простоя оборудования и повысить общую производительность системы. Он подходит для использования в различных отраслях, включая машиностроение, металлообработку, транспорт и другие сферы, где требуется надежная передача мощности.

Выбирая <strong>редуктор РМ-500</strong>, вы инвестируете в <strong>передовые технологии и качество</strong>, которые обеспечат бесперебойную работу вашего оборудования на долгие годы. Доверяйте проверенным решениям и улучшайте произ
водительность ваших систем уже сегодня!</p>",168750,1,KG-009-3,"Тип передачи/Цилиндрический#Количество ступеней передачи/Двухступенчатый#Крутящий момент Н*м/1700#КПД, не менее, %/98",1,Редуктор РМ-500 – Надежные и высококачественные редукторы для промышленного оборудования ,"Купите редуктор РМ-500 по выгодной цене. Надежность, долговечность и высокая эффективность для вашего промышленного оборудования. Подходит для различных областей применения. Закажите сейчас! ","рм,редуктор,500,редуктор РМ-500 РМ-500, купить рм,редуктор,500,редуктор РМ-500, промышленные рм,редуктор,500,редуктор РМ-500ы, рм,редуктор,500,редуктор РМ-500ы для оборудования, надежные рм,редуктор,500,редуктор РМ-500ы, рм,редуктор,500,редуктор РМ-500 цена ",,"/UserFiles/Image/Catalog/rm/Rm_krangear.jpg,/UserFiles/Image/Catalog/rm/Rm_cborka_krangear.jpg",0,"9165,9166,9167,9168,9169,9170,9171,9172,9173,9174,9175,9176,9177,9178,9179,9180,9181,9182,9183,9184,9185,9186,9187,9188,9189,9190,9191,9192,9193,9194,9195,9196,9197,9198,9199,9200,9201,9202,9203,9204,9205,9206,9207,9208,9209,9210,9211,9212,9213,9214,9215,9216,9217,9218,9219,9220,9221,9222,9223,9224,9225,9226,9227,9228,9229,9230,9231,9232,9233,9234,9235,9236,9237,9238,9239,9240,9241,9242,9243,9244,9245 ",124,390000,шт.,,"9990,9991,9992,9993,9994,9995,9996,9997,9998,9999",У1/Двухступенчатые У1
9163,,Редуктор РМ-500-У2 50 33,,203000,1,,,81,Редуктор РМ-500-УХЛ 50 33,Редуктор РМ-500-УХЛ 50 33,"рм,редуктор,500,редуктор РМ-500 РМ-500-УХЛ 50 33",,,1,50,124,0,шт.,33,0,У2/Двухступенчатые У2
9162,,Редуктор РМ-500-У2 50 32,,192750,1,,,80,Редуктор РМ-500-УХЛ 50 32,Редуктор РМ-500-УХЛ 50 32,"рм,редуктор,500,редуктор РМ-500 РМ-500-УХЛ 50 32",,,1,50,124,0,шт.,32,0,У2/Двухступенчатые У2
9161,,Редуктор РМ-500-У2 50 31,,192500,1,,,79,Редуктор РМ-500-УХЛ 50 31,Редуктор РМ-500-УХЛ 50 31,"рм,редуктор,500,редуктор РМ-500 РМ-500-УХЛ 50 31",,,1,50,124,0,шт.,31,0,У2/Двухступенчатые У2
9160,,Редуктор РМ-500-У2 50 23,,198250,1,,,78,Редуктор РМ-500-УХЛ 50 23,Редуктор РМ-500-УХЛ 50 23,"рм,редуктор,500,редуктор РМ-500 РМ-500-УХЛ 50 23",,,1,50,124,0,шт.,23,0,У2/Двухступенчатые У2
9159,,Редуктор РМ-500-У2 50 22,,188000,1,,,77,Редуктор РМ-500-УХЛ 50 22,Редуктор РМ-500-УХЛ 50 22,"рм,редуктор,500,редуктор РМ-500 РМ-500-УХЛ 50 22",,,1,50,124,0,шт.,22,0,У2/Двухступенчатые У2
9158,,Редуктор РМ-500-У2 50 21,,187750,1,,,76,Редуктор РМ-500-УХЛ 50 21,Редуктор РМ-500-УХЛ 50 21,"рм,редуктор,500,редуктор РМ-500 РМ-500-УХЛ 50 21",,,1,50,124,0,шт.,21,0,У2/Двухступенчатые У2
9157,,Редуктор РМ-500-У2 50 13,,197500,1,,,75,Редуктор РМ-500-УХЛ 50 13,Редуктор РМ-500-УХЛ 50 13,"рм,редуктор,500,редуктор РМ-500 РМ-500-УХЛ 50 13",,,1,50,124,0,шт.,13,0,У2/Двухступенчатые У2
9156,,Редуктор РМ-500-У2 50 12,,187250,1,,,74,Редуктор РМ-500-УХЛ 50 12,Редуктор РМ-500-УХЛ 50 12,"рм,редуктор,500,редуктор РМ-500 РМ-500-УХЛ 50 12",,,1,50,124,0,шт.,12,0,У2/Двухступенчатые У2
9155,,Редуктор РМ-500-У2 50 11,,187000,1,,,73,Редуктор РМ-500-УХЛ 50 11,Редуктор РМ-500-УХЛ 50 11,"рм,редуктор,500,редуктор РМ-500 РМ-500-УХЛ 50 11",,,1,50,124,0,шт.,11,0,У2/Двухступенчатые У2
9154,,Редуктор РМ-500-У2 40 33,,200750,1,,,72,Редуктор РМ-500-У2 40 33,Редуктор РМ-500-У2 40 33,"рм,редуктор,500,редуктор РМ-500 РМ-500-У2 40 33",,,1,40,124,0,шт.,33,0,У2/Двухступенчатые У2
9153,,Редуктор РМ-500-У2 40 32,,190500,1,,,71,Редуктор РМ-500-У2 40 32,Редуктор РМ-500-У2 40 32,"рм,редуктор,500,редуктор РМ-500 РМ-500-У2 40 32",,,1,40,124,0,шт.,32,0,У2/Двухступенчатые У2
9152,,Редуктор РМ-500-У2 40 31,,190250,1,,,70,Редуктор РМ-500-У2 40 31,Редуктор РМ-500-У2 40 31,"рм,редуктор,500,редуктор РМ-500 РМ-500-У2 40 31",,,1,40,124,0,шт.,31,0,У2/Двухступенчатые У2
9151,,Редуктор РМ-500-У2 40 23,,196000,1,,,69,Редуктор РМ-500-У2 40 23,Редуктор РМ-500-У2 40 23,"рм,редуктор,500,редуктор РМ-500 РМ-500-У2 40 23",,,1,40,124,0,шт.,23,0,У2/Двухступенчатые У2
9150,,Редуктор РМ-500-У2 40 22,,185750,1,,,68,Редуктор РМ-500-У2 40 22,Редуктор РМ-500-У2 40 22,"рм,редуктор,500,редуктор РМ-500 РМ-500-У2 40 22",,,1,40,124,0,шт.,22,0,У2/Двухступенчатые У2
9149,,Редуктор РМ-500-У2 40 21,,185500,1,,,67,Редуктор РМ-500-У2 40 21,Редуктор РМ-500-У2 40 21,"рм,редуктор,500,редуктор РМ-500 РМ-500-У2 40 21",,,1,40,124,0,шт.,21,0,У2/Двухступенчатые У2
9148,,Редуктор РМ-500-У2 40 13,,195250,1,,,66,Редуктор РМ-500-У2 40 13,Редуктор РМ-500-У2 40 13,"рм,редуктор,500,редуктор РМ-500 РМ-500-У2 40 13",,,1,40,124,0,шт.,13,0,У2/Двухступенчатые У2
9147,,Редуктор РМ-500-У2 40 12,,185000,1,,,65,Редуктор РМ-500-У2 40 12,Редуктор РМ-500-У2 40 12,"рм,редуктор,500,редуктор РМ-500 РМ-500-У2 40 12",,,1,40,124,0,шт.,12,0,У2/Двухступенчатые У2
9146,,Редуктор РМ-500-У2 40 11,,184750,1,,,64,Редуктор РМ-500-У2 40 11,Редуктор РМ-500-У2 40 11,"рм,редуктор,500,редуктор РМ-500 РМ-500-У2 40 11",,,1,40,124,0,шт.,11,0,У2/Двухступенчатые У2
9145,,Редуктор РМ-500-У2 31.5 33,,198500,1,,,63,Редуктор РМ-500-У2 31.5 33,Редуктор РМ-500-У2 31.5 33,"рм,редуктор,500,редуктор РМ-500 РМ-500-У2 31.5 33",,,1,31.5,124,0,шт.,33,0,У2/Двухступенчатые У2
9144,,Редуктор РМ-500-У2 31.5 32,,188250,1,,,62,Редуктор РМ-500-У2 31.5 32,Редуктор РМ-500-У2 31.5 32,"рм,редуктор,500,редуктор РМ-500 РМ-500-У2 31.5 32",,,1,31.5,124,0,шт.,32,0,У2/Двухступенчатые У2
9143,,Редуктор РМ-500-У2 31.5 31,,188000,1,,,61,Редуктор РМ-500-У2 31.5 31,Редуктор РМ-500-У2 31.5 31,"рм,редуктор,500,редуктор РМ-500 РМ-500-У2 31.5 31",,,1,31.5,124,0,шт.,31,0,У2/Двухступенчатые У2
9142,,Редуктор РМ-500-У2 31.5 23,,193750,1,,,60,Редуктор РМ-500-У2 31.5 23,Редуктор РМ-500-У2 31.5 23,"рм,редуктор,500,редуктор РМ-500 РМ-500-У2 31.5 23",,,1,31.5,124,0,шт.,23,0,У2/Двухступенчатые У2
9141,,Редуктор РМ-500-У2 31.5 22,,183500,1,,,59,Редуктор РМ-500-У2 31.5 22,Редуктор РМ-500-У2 31.5 22,"рм,редуктор,500,редуктор РМ-500 РМ-500-У2 31.5 22",,,1,31.5,124,0,шт.,22,0,У2/Двухступенчатые У2
9140,,Редуктор РМ-500-У2 31.5 21,,183250,1,,,58,Редуктор РМ-500-У2 31.5 21,Редуктор РМ-500-У2 31.5 21,"рм,редуктор,500,редуктор РМ-500 РМ-500-У2 31.5 21",,,1,31.5,124,0,шт.,21,0,У2/Двухступенчатые У2
9139,,Редуктор РМ-500-У2 31.5 13,,193000,1,,,57,Редуктор РМ-500-У2 31.5 13,Редуктор РМ-500-У2 31.5 13,"рм,редуктор,500,редуктор РМ-500 РМ-500-У2 31.5 13",,,1,31.5,124,0,шт.,13,0,У2/Двухступенчатые У2
9138,,Редуктор РМ-500-У2 31.5 12,,182750,1,,,56,Редуктор РМ-500-У2 31.5 12,Редуктор РМ-500-У2 31.5 12,"рм,редуктор,500,редуктор РМ-500 РМ-500-У2 31.5 12",,,1,31.5,124,0,шт.,12,0,У2/Двухступенчатые У2
9137,,Редуктор РМ-500-У2 31.5 11,,182500,1,,,55,Редуктор РМ-500-У2 31.5 11,Редуктор РМ-500-У2 31.5 11,"рм,редуктор,500,редуктор РМ-500 РМ-500-У2 31.5 11",,,1,31.5,124,0,шт.,11,0,У2/Двухступенчатые У2
9136,,Редуктор РМ-500-У2 25 33,,196250,1,,,54,Редуктор РМ-500-У2 25 33,Редуктор РМ-500-У2 25 33,"рм,редуктор,500,редуктор РМ-500 РМ-500-У2 25 33",,,1,25,124,0,шт.,33,0,У2/Двухступенчатые У2
9135,,Редуктор РМ-500-У2 25 32,,186000,1,,,53,Редуктор РМ-500-У2 25 32,Редуктор РМ-500-У2 25 32,"рм,редуктор,500,редуктор РМ-500 РМ-500-У2 25 32",,,1,25,124,0,шт.,32,0,У2/Двухступенчатые У2
9134,,Редуктор РМ-500-У2 25 31,,185750,1,,,52,Редуктор РМ-500-У2 25 31,Редуктор РМ-500-У2 25 31,"рм,редуктор,500,редуктор РМ-500 РМ-500-У2 25 31",,,1,25,124,0,шт.,31,0,У2/Двухступенчатые У2
9133,,Редуктор РМ-500-У2 25 23,,191500,1,,,51,Редуктор РМ-500-У2 25 23,Редуктор РМ-500-У2 25 23,"рм,редуктор,500,редуктор РМ-500 РМ-500-У2 25 23",,,1,25,124,0,шт.,23,0,У2/Двухступенчатые У2
9132,,Редуктор РМ-500-У2 25 22,,181250,1,,,50,Редуктор РМ-500-У2 25 22,Редуктор РМ-500-У2 25 22,"рм,редуктор,500,редуктор РМ-500 РМ-500-У2 25 22",,,1,25,124,0,шт.,22,0,У2/Двухступенчатые У2
9131,,Редуктор РМ-500-У2 25 21,,181000,1,,,49,Редуктор РМ-500-У2 25 21,Редуктор РМ-500-У2 25 21,"рм,редуктор,500,редуктор РМ-500 РМ-500-У2 25 21",,,1,25,124,0,шт.,21,0,У2/Двухступенчатые У2
9130,,Редуктор РМ-500-У2 25 13,,190750,1,,,48,Редуктор РМ-500-У2 25 13,Редуктор РМ-500-У2 25 13,"рм,редуктор,500,редуктор РМ-500 РМ-500-У2 25 13",,,1,25,124,0,шт.,13,0,У2/Двухступенчатые У2
9129,,Редуктор РМ-500-У2 25 12,,180500,1,,,47,Редуктор РМ-500-У2 25 12,Редуктор РМ-500-У2 25 12,"рм,редуктор,500,редуктор РМ-500 РМ-500-У2 25 12",,,1,25,124,0,шт.,12,0,У2/Двухступенчатые У2
9128,,Редуктор РМ-500-У2 25 11,,180250,1,,,46,Редуктор РМ-500-У2 25 11,Редуктор РМ-500-У2 25 11,"рм,редуктор,500,редуктор РМ-500 РМ-500-У2 25 11",,,1,25,124,0,шт.,11,0,У2/Двухступенчатые У2
9127,,Редуктор РМ-500-У2 20 33,,194000,1,,,45,Редуктор РМ-500-У2 20 33,Редуктор РМ-500-У2 20 33,"рм,редуктор,500,редуктор РМ-500 РМ-500-У2 20 33",,,1,20,124,0,шт.,33,0,У2/Двухступенчатые У2
9126,,Редуктор РМ-500-У2 20 32,,183750,1,,,44,Редуктор РМ-500-У2 20 32,Редуктор РМ-500-У2 20 32,"рм,редуктор,500,редуктор РМ-500 РМ-500-У2 20 32",,,1,20,124,0,шт.,32,0,У2/Двухступенчатые У2
9125,,Редуктор РМ-500-У2 20 31,,183500,1,,,43,Редуктор РМ-500-У2 20 31,Редуктор РМ-500-У2 20 31,"рм,редуктор,500,редуктор РМ-500 РМ-500-У2 20 31",,,1,20,124,0,шт.,31,0,У2/Двухступенчатые У2
9124,,Редуктор РМ-500-У2 20 23,,189250,1,,,42,Редуктор РМ-500-У2 20 23,Редуктор РМ-500-У2 20 23,"рм,редуктор,500,редуктор РМ-500 РМ-500-У2 20 23",,,1,20,124,0,шт.,23,0,У2/Двухступенчатые У2
9123,,Редуктор РМ-500-У2 20 22,,179000,1,,,41,Редуктор РМ-500-У2 20 22,Редуктор РМ-500-У2 20 22,"рм,редуктор,500,редуктор РМ-500 РМ-500-У2 20 22",,,1,20,124,0,шт.,22,0,У2/Двухступенчатые У2
9122,,Редуктор РМ-500-У2 20 21,,178750,1,,,40,Редуктор РМ-500-У2 20 21,Редуктор РМ-500-У2 20 21,"рм,редуктор,500,редуктор РМ-500 РМ-500-У2 20 21",,,1,20,124,0,шт.,21,0,У2/Двухступенчатые У2
9121,,Редуктор РМ-500-У2 20 13,,188500,1,,,39,Редуктор РМ-500-У2 20 13,Редуктор РМ-500-У2 20 13,"рм,редуктор,500,редуктор РМ-500 РМ-500-У2 20 13",,,1,20,124,0,шт.,13,0,У2/Двухступенчатые У2
9120,,Редуктор РМ-500-У2 20 12,,178250,1,,,38,Редуктор РМ-500-У2 20 12,Редуктор РМ-500-У2 20 12,"рм,редуктор,500,редуктор РМ-500 РМ-500-У2 20 12",,,1,20,124,0,шт.,12,0,У2/Двухступенчатые У2
9119,,Редуктор РМ-500-У2 20 11,,178000,1,,,37,Редуктор РМ-500-У2 20 11,Редуктор РМ-500-У2 20 11,"рм,редуктор,500,редуктор РМ-500 РМ-500-У2 20 11",,,1,20,124,0,шт.,11,0,У2/Двухступенчатые У2
9118,,Редуктор РМ-500-У2 16 33,,191750,1,,,36,Редуктор РМ-500-У2 16 33,Редуктор РМ-500-У2 16 33,"рм,редуктор,500,редуктор РМ-500 РМ-500-У2 16 33",,,1,16,1564,0,шт.,33,0,У2/Двухступенчатые У2
9117,,Редуктор РМ-500-У2 16 32,,181500,1,,,35,Редуктор РМ-500-У2 16 32,Редуктор РМ-500-У2 16 32,"рм,редуктор,500,редуктор РМ-500 РМ-500-У2 16 32",,,1,16,1456,0,шт.,32,0,У2/Двухступенчатые У2
9116,,Редуктор РМ-500-У2 16 31,,181250,1,,,34,Редуктор РМ-500-У2 16 31,Редуктор РМ-500-У2 16 31,"рм,редуктор,500,редуктор РМ-500 РМ-500-У2 16 31",,,1,16,1532,0,шт.,31,0,У2/Двухступенчатые У2
9115,,Редуктор РМ-500-У2 16 23,,187000,1,,,33,Редуктор РМ-500-У2 16 23,Редуктор РМ-500-У2 16 23,"рм,редуктор,500,редуктор РМ-500 РМ-500-У2 16 23",,,1,16,121,0,шт.,23,0,У2/Двухступенчатые У2
9114,,Редуктор РМ-500-У2 16 22,,176750,1,,,32,Редуктор РМ-500-У2 16 22,Редуктор РМ-500-У2 16 22,"рм,редуктор,500,редуктор РМ-500 РМ-500-У2 16 22",,,1,16,166,0,шт.,22,0,У2/Двухступенчатые У2
9113,,Редуктор РМ-500-У2 16 21,,176500,1,,,31,Редуктор РМ-500-У2 16 21,Редуктор РМ-500-У2 16 21,"рм,редуктор,500,редуктор РМ-500 РМ-500-У2 16 21",,,1,16,162,0,шт.,21,0,У2/Двухступенчатые У2
9112,,Редуктор РМ-500-У2 16 13,,186250,1,,,30,Редуктор РМ-500-У2 16 13,Редуктор РМ-500-У2 16 13,"рм,редуктор,500,редуктор РМ-500 РМ-500-У2 16 13",,,1,16,456,0,шт.,13,0,У2/Двухступенчатые У2
9111,,Редуктор РМ-500-У2 16 12,,176000,1,,,29,Редуктор РМ-500-У2 16 12,Редуктор РМ-500-У2 16 12,"рм,редуктор,500,редуктор РМ-500 РМ-500-У2 16 12",,,1,16,452,0,шт.,12,0,У2/Двухступенчатые У2
9110,,Редуктор РМ-500-У2 16 11,,175750,1,,,28,Редуктор РМ-500-У2 16 11,Редуктор РМ-500-У2 16 11,"рм,редуктор,500,редуктор РМ-500 РМ-500-У2 16 11",,,1,16,248,0,шт.,11,0,У2/Двухступенчатые У2
9109,,Редуктор РМ-500-У2 12.5 33,,204500,1,,,27,Редуктор РМ-500-У2 12.5 33,Редуктор РМ-500-У2 12.5 33,"рм,редуктор,500,редуктор РМ-500 РМ-500-У2 12.5 33",,,1,12.5,13969,0,шт.,33,0,У2/Двухступенчатые У2
9108,,Редуктор РМ-500-У2 12.5 32,,194250,1,,,26,Редуктор РМ-500-У2 12.5 32,Редуктор РМ-500-У2 12.5 32,"рм,редуктор,500,редуктор РМ-500 РМ-500-У2 12.5 32",,,1,12.5,124,0,шт.,32,0,У2/Двухступенчатые У2
9107,,Редуктор РМ-500-У2 12.5 31,,194000,1,,,25,Редуктор РМ-500-У2 12.5 31,Редуктор РМ-500-У2 12.5 31,"рм,редуктор,500,редуктор РМ-500 РМ-500-У2 12.5 31",,,1,12.5,124,0,шт.,31,0,У2/Двухступенчатые У2
9106,,Редуктор РМ-500-У2 12.5 23,,199750,1,,,24,Редуктор РМ-500-У2 12.5 23,Редуктор РМ-500-У2 12.5 23,"рм,редуктор,500,редуктор РМ-500 РМ-500-У2 12.5 23",,,1,12.5,124,0,шт.,23,0,У2/Двухступенчатые У2
9105,,Редуктор РМ-500-У2 12.5 22,,189500,1,,,23,Редуктор РМ-500-У2 12.5 22,Редуктор РМ-500-У2 12.5 22,"рм,редуктор,500,редуктор РМ-500 РМ-500-У2 12.5 22",,,1,12.5,124,0,шт.,22,0,У2/Двухступенчатые У2
9104,,Редуктор РМ-500-У2 12.5 21,,189250,1,,,22,Редуктор РМ-500-У2 12.5 21,Редуктор РМ-500-У2 12.5 21,"рм,редуктор,500,редуктор РМ-500 РМ-500-У2 12.5 21",,,1,12.5,124,0,шт.,21,0,У2/Двухступенчатые У2
9103,,Редуктор РМ-500-У2 12.5 13,,199000,1,,,21,Редуктор РМ-500-У2 12.5 13,Редуктор РМ-500-У2 12.5 13,"рм,редуктор,500,редуктор РМ-500 РМ-500-У2 12.5 13",,,1,12.5,124,0,шт.,13,0,У2/Двухступенчатые У2
9102,,Редуктор РМ-500-У2 12.5 12,,188750,1,,,20,Редуктор РМ-500-У2 12.5 12,Редуктор РМ-500-У2 12.5 12,"рм,редуктор,500,редуктор РМ-500 РМ-500-У2 12.5 12",,,1,12.5,124,0,шт.,12,0,У2/Двухступенчатые У2
9101,,Редуктор РМ-500-У2 12.5 11,,188500,1,,,19,Редуктор РМ-500-У2 12.5 11,Редуктор РМ-500-У2 12.5 11,"рм,редуктор,500,редуктор РМ-500 РМ-500-У2 12.5 11",,,1,12.5,124,0,шт.,11,0,У2/Двухступенчатые У2
9100,,Редуктор РМ-500-У2 10 33,,202250,1,,,18,Редуктор РМ-500-У2 10 33,Редуктор РМ-500-У2 10 33,"рм,редуктор,500,редуктор РМ-500 РМ-500-У2 10 33",,,1,10,124,0,шт.,33,0,У2/Двухступенчатые У2
9099,,Редуктор РМ-500-У2 10 32,,192000,1,,,17,Редуктор РМ-500-У2 10 32,Редуктор РМ-500-У2 10 32,"рм,редуктор,500,редуктор РМ-500 РМ-500-У2 10 32",,,1,10,124,0,шт.,32,0,У2/Двухступенчатые У2
9098,,Редуктор РМ-500-У2 10 31,,191750,1,,,16,Редуктор РМ-500-У2 10 31,Редуктор РМ-500-У2 10 31,"рм,редуктор,500,редуктор РМ-500 РМ-500-У2 10 31",,,1,10,124,0,шт.,31,0,У2/Двухступенчатые У2
9097,,Редуктор РМ-500-У2 10 23,,197500,1,,,15,Редуктор РМ-500-У2 10 23,Редуктор РМ-500-У2 10 23,"рм,редуктор,500,редуктор РМ-500 РМ-500-У2 10 23",,,1,10,124,0,шт.,23,0,У2/Двухступенчатые У2
9096,,Редуктор РМ-500-У2 10 22,,187250,1,,,14,Редуктор РМ-500-У2 10 22,Редуктор РМ-500-У2 10 22,"рм,редуктор,500,редуктор РМ-500 РМ-500-У2 10 22",,,1,10,124,0,шт.,22,0,У2/Двухступенчатые У2
9095,,Редуктор РМ-500-У2 10 21,,187000,1,,,13,Редуктор РМ-500-У2 10 21,Редуктор РМ-500-У2 10 21,"рм,редуктор,500,редуктор РМ-500 РМ-500-У2 10 21",,,1,10,124,0,шт.,21,0,У2/Двухступенчатые У2
9094,,Редуктор РМ-500-У2 10 13,,196750,1,,,12,Редуктор РМ-500-У2 10 13,Редуктор РМ-500-У2 10 13,"рм,редуктор,500,редуктор РМ-500 РМ-500-У2 10 13",,,1,10,124,0,шт.,13,0,У2/Двухступенчатые У2
9093,,Редуктор РМ-500-У2 10 12,,186500,1,,,11,Редуктор РМ-500-У2 10 12,Редуктор РМ-500-У2 10 12,"рм,редуктор,500,редуктор РМ-500 РМ-500-У2 10 12",,,1,10,124,0,шт.,12,0,У2/Двухступенчатые У2
9092,,Редуктор РМ-500-У2 10 11,,186250,1,,,10,Редуктор РМ-500-У2 10 11,Редуктор РМ-500-У2 10 11,"рм,редуктор,500,редуктор РМ-500 РМ-500-У2 10 11",,,1,10,124,0,шт.,11,0,У2/Двухступенчатые У2
9091,,Редуктор РМ-500-У2 8 33,,200000,1,,,9,Редуктор РМ-500-У2 8 33,Редуктор РМ-500-У2 8 33,"рм,редуктор,500,редуктор РМ-500 РМ-500-У2 8 33",,,1,8,124,0,шт.,33,0,У2/Двухступенчатые У2
9090,,Редуктор РМ-500-У2 8 32,,189750,1,,,8,Редуктор РМ-500-У2 8 32,Редуктор РМ-500-У2 8 32,"рм,редуктор,500,редуктор РМ-500 РМ-500-У2 8 32",,,1,8,124,0,шт.,32,0,У2/Двухступенчатые У2
9089,,Редуктор РМ-500-У2 8 31,,189500,1,,,7,Редуктор РМ-500-У2 8 31,Редуктор РМ-500-У2 8 31,"рм,редуктор,500,редуктор РМ-500 РМ-500-У2 8 31",,,1,8,124,0,шт.,31,0,У2/Двухступенчатые У2
9088,,Редуктор РМ-500-У2 8 23,,195250,1,,,6,Редуктор РМ-500-У2 8 23,Редуктор РМ-500-У2 8 23,"рм,редуктор,500,редуктор РМ-500 РМ-500-У2 8 23",,,1,8,124,0,шт.,23,0,У2/Двухступенчатые У2
9087,,Редуктор РМ-500-У2 8 22,,185000,1,,,5,Редуктор РМ-500-У2 8 22,Редуктор РМ-500-У2 8 22,"рм,редуктор,500,редуктор РМ-500 РМ-500-У2 8 22",,,1,8,124,0,шт.,22,0,У2/Двухступенчатые У2
9086,,Редуктор РМ-500-У2 8 21,,184750,1,,,4,Редуктор РМ-500-У2 8 21,Редуктор РМ-500-У2 8 21,"рм,редуктор,500,редуктор РМ-500 РМ-500-У2 8 21",,,1,8,124,0,шт.,21,0,У2/Двухступенчатые У2
9085,,Редуктор РМ-500-У2 8 13,,194500,1,,,3,Редуктор РМ-500-У2 8 13,Редуктор РМ-500-У2 8 13,"рм,редуктор,500,редуктор РМ-500 РМ-500-У2 8 13",,,1,8,124,0,шт.,13,0,У2/Двухступенчатые У2
9084,,Редуктор РМ-500-У2 8 12,,184250,1,,,2,Редуктор РМ-500-У2 8 12,Редуктор РМ-500-У2 8 12,"рм,редуктор,500,редуктор РМ-500 РМ-500-У2 8 12",,,1,8,124,0,шт.,12,0,У2/Двухступенчатые У2
9083,,Редуктор РМ-500-У2 8 11,,184000,1,,,1,Редуктор РМ-500-У2 8 11,Редуктор РМ-500-У2 8 11,"рм,редуктор,500,редуктор РМ-500 РМ-500-У2 8 11",,,1,8,124,0,шт.,11,0,У2/Двухступенчатые У2
9082,,Редуктор РМ-500-У2,"<p>Представляем вашему вниманию <strong>редуктор РМ-500</strong> — высокоэффективное решение для широкого спектра промышленных задач. Этот редуктор создан с учетом самых современных технологий, что обеспечивает его <strong>долговечность и надежность</strong> в работе. Корпус редуктора выполнен из высококачественных материалов, что дает дополнительную защиту от коррозии и механических повреждений. Его конструкция позволяет максимально эффективно передавать крутящий момент, что способствует значительной экономии энергии и снижению эксплуатационных затрат.

Редуктор РМ-500 прост в установке и обслуживании, что позволяет минимизировать время простоя оборудования и повысить общую производительность системы. Он подходит для использования в различных отраслях, включая машиностроение, металлообработку, транспорт и другие сферы, где требуется надежная передача мощности.

Выбирая <strong>редуктор РМ-500</strong>, вы инвестируете в <strong>передовые технологии и качество</strong>, которые обеспечат бесперебойную работу вашего оборудования на долгие годы. Доверяйте проверенным решениям и улучшайте произ
водительность ваших систем уже сегодня!</p>",168750,1,KG-009-2,"Тип передачи/Цилиндрический#Количество ступеней передачи/Двухступенчатый#Крутящий момент Н*м/1700#КПД, не менее, %/98",1,Редуктор РМ-500 – Надежные и высококачественные редукторы для промышленного оборудования ,"Купите редуктор РМ-500 по выгодной цене. Надежность, долговечность и высокая эффективность для вашего промышленного оборудования. Подходит для различных областей применения. Закажите сейчас! ","рм,редуктор,500,редуктор РМ-500 РМ-500, купить рм,редуктор,500,редуктор РМ-500, промышленные рм,редуктор,500,редуктор РМ-500ы, рм,редуктор,500,редуктор РМ-500ы для оборудования, надежные рм,редуктор,500,редуктор РМ-500ы, рм,редуктор,500,редуктор РМ-500 цена ",,"/UserFiles/Image/Catalog/rm/Rm_krangear.jpg,/UserFiles/Image/Catalog/rm/Rm_cborka_krangear.jpg",0,"9083,9084,9085,9086,9087,9088,9089,9090,9091,9092,9093,9094,9095,9096,9097,9098,9099,9100,9101,9102,9103,9104,9105,9106,9107,9108,9109,9110,9111,9112,9113,9114,9115,9116,9117,9118,9119,9120,9121,9122,9123,9124,9125,9126,9127,9128,9129,9130,9131,9132,9133,9134,9135,9136,9137,9138,9139,9140,9141,9142,9143,9144,9145,9146,9147,9148,9149,9150,9151,9152,9153,9154,9155,9156,9157,9158,9159,9160,9161,9162,9163 ",124,390000,шт.,,"9990,9991,9992,9993,9994,9995,9996,9997,9998,9999",У2/Двухступенчатые У2
9081,,Редуктор РМ-500-У3 50 33,,203000,1,,,81,Редуктор РМ-500-УХЛ 50 33,Редуктор РМ-500-УХЛ 50 33,"рм,редуктор,500,редуктор РМ-500 РМ-500-УХЛ 50 33",,,1,50,124,0,шт.,33,0,Цилиндрические/Двухступенчатые
9080,,Редуктор РМ-500-У3 50 32,,192750,1,,,80,Редуктор РМ-500-УХЛ 50 32,Редуктор РМ-500-УХЛ 50 32,"рм,редуктор,500,редуктор РМ-500 РМ-500-УХЛ 50 32",,,1,50,124,0,шт.,32,0,Цилиндрические/Двухступенчатые
9079,,Редуктор РМ-500-У3 50 31,,192500,1,,,79,Редуктор РМ-500-УХЛ 50 31,Редуктор РМ-500-УХЛ 50 31,"рм,редуктор,500,редуктор РМ-500 РМ-500-УХЛ 50 31",,,1,50,124,0,шт.,31,0,Цилиндрические/Двухступенчатые
9078,,Редуктор РМ-500-У3 50 23,,198250,1,,,78,Редуктор РМ-500-УХЛ 50 23,Редуктор РМ-500-УХЛ 50 23,"рм,редуктор,500,редуктор РМ-500 РМ-500-УХЛ 50 23",,,1,50,124,0,шт.,23,0,Цилиндрические/Двухступенчатые
9077,,Редуктор РМ-500-У3 50 22,,188000,1,,,77,Редуктор РМ-500-УХЛ 50 22,Редуктор РМ-500-УХЛ 50 22,"рм,редуктор,500,редуктор РМ-500 РМ-500-УХЛ 50 22",,,1,50,124,0,шт.,22,0,Цилиндрические/Двухступенчатые
9076,,Редуктор РМ-500-У3 50 21,,187750,1,,,76,Редуктор РМ-500-УХЛ 50 21,Редуктор РМ-500-УХЛ 50 21,"рм,редуктор,500,редуктор РМ-500 РМ-500-УХЛ 50 21",,,1,50,124,0,шт.,21,0,Цилиндрические/Двухступенчатые
9075,,Редуктор РМ-500-У3 50 13,,197500,1,,,75,Редуктор РМ-500-УХЛ 50 13,Редуктор РМ-500-УХЛ 50 13,"рм,редуктор,500,редуктор РМ-500 РМ-500-УХЛ 50 13",,,1,50,124,0,шт.,13,0,Цилиндрические/Двухступенчатые
9074,,Редуктор РМ-500-У3 50 12,,187250,1,,,74,Редуктор РМ-500-УХЛ 50 12,Редуктор РМ-500-УХЛ 50 12,"рм,редуктор,500,редуктор РМ-500 РМ-500-УХЛ 50 12",,,1,50,124,0,шт.,12,0,Цилиндрические/Двухступенчатые
9073,,Редуктор РМ-500-У3 50 11,,187000,1,,,73,Редуктор РМ-500-УХЛ 50 11,Редуктор РМ-500-УХЛ 50 11,"рм,редуктор,500,редуктор РМ-500 РМ-500-УХЛ 50 11",,,1,50,124,0,шт.,11,0,Цилиндрические/Двухступенчатые
9072,,Редуктор РМ-500-У3 40 33,,200750,1,,,72,Редуктор РМ-500-У3 40 33,Редуктор РМ-500-У3 40 33,"рм,редуктор,500,редуктор РМ-500 РМ-500-У3 40 33",,,1,40,124,0,шт.,33,0,Цилиндрические/Двухступенчатые
9071,,Редуктор РМ-500-У3 40 32,,190500,1,,,71,Редуктор РМ-500-У3 40 32,Редуктор РМ-500-У3 40 32,"рм,редуктор,500,редуктор РМ-500 РМ-500-У3 40 32",,,1,40,124,0,шт.,32,0,Цилиндрические/Двухступенчатые
9070,,Редуктор РМ-500-У3 40 31,,190250,1,,,70,Редуктор РМ-500-У3 40 31,Редуктор РМ-500-У3 40 31,"рм,редуктор,500,редуктор РМ-500 РМ-500-У3 40 31",,,1,40,124,0,шт.,31,0,Цилиндрические/Двухступенчатые
9069,,Редуктор РМ-500-У3 40 23,,196000,1,,,69,Редуктор РМ-500-У3 40 23,Редуктор РМ-500-У3 40 23,"рм,редуктор,500,редуктор РМ-500 РМ-500-У3 40 23",,,1,40,124,0,шт.,23,0,Цилиндрические/Двухступенчатые
9068,,Редуктор РМ-500-У3 40 22,,185750,1,,,68,Редуктор РМ-500-У3 40 22,Редуктор РМ-500-У3 40 22,"рм,редуктор,500,редуктор РМ-500 РМ-500-У3 40 22",,,1,40,124,0,шт.,22,0,Цилиндрические/Двухступенчатые
9067,,Редуктор РМ-500-У3 40 21,,185500,1,,,67,Редуктор РМ-500-У3 40 21,Редуктор РМ-500-У3 40 21,"рм,редуктор,500,редуктор РМ-500 РМ-500-У3 40 21",,,1,40,124,0,шт.,21,0,Цилиндрические/Двухступенчатые
9066,,Редуктор РМ-500-У3 40 13,,195250,1,,,66,Редуктор РМ-500-У3 40 13,Редуктор РМ-500-У3 40 13,"рм,редуктор,500,редуктор РМ-500 РМ-500-У3 40 13",,,1,40,124,0,шт.,13,0,Цилиндрические/Двухступенчатые
9065,,Редуктор РМ-500-У3 40 12,,185000,1,,,65,Редуктор РМ-500-У3 40 12,Редуктор РМ-500-У3 40 12,"рм,редуктор,500,редуктор РМ-500 РМ-500-У3 40 12",,,1,40,124,0,шт.,12,0,Цилиндрические/Двухступенчатые
9064,,Редуктор РМ-500-У3 40 11,,184750,1,,,64,Редуктор РМ-500-У3 40 11,Редуктор РМ-500-У3 40 11,"рм,редуктор,500,редуктор РМ-500 РМ-500-У3 40 11",,,1,40,124,0,шт.,11,0,Цилиндрические/Двухступенчатые
9063,,Редуктор РМ-500-У3 31.5 33,,198500,1,,,63,Редуктор РМ-500-У3 31.5 33,Редуктор РМ-500-У3 31.5 33,"рм,редуктор,500,редуктор РМ-500 РМ-500-У3 31.5 33",,,1,31.5,124,0,шт.,33,0,Цилиндрические/Двухступенчатые
9062,,Редуктор РМ-500-У3 31.5 32,,188250,1,,,62,Редуктор РМ-500-У3 31.5 32,Редуктор РМ-500-У3 31.5 32,"рм,редуктор,500,редуктор РМ-500 РМ-500-У3 31.5 32",,,1,31.5,124,0,шт.,32,0,Цилиндрические/Двухступенчатые
9061,,Редуктор РМ-500-У3 31.5 31,,188000,1,,,61,Редуктор РМ-500-У3 31.5 31,Редуктор РМ-500-У3 31.5 31,"рм,редуктор,500,редуктор РМ-500 РМ-500-У3 31.5 31",,,1,31.5,124,0,шт.,31,0,Цилиндрические/Двухступенчатые
9060,,Редуктор РМ-500-У3 31.5 23,,193750,1,,,60,Редуктор РМ-500-У3 31.5 23,Редуктор РМ-500-У3 31.5 23,"рм,редуктор,500,редуктор РМ-500 РМ-500-У3 31.5 23",,,1,31.5,124,0,шт.,23,0,Цилиндрические/Двухступенчатые
9059,,Редуктор РМ-500-У3 31.5 22,,183500,1,,,59,Редуктор РМ-500-У3 31.5 22,Редуктор РМ-500-У3 31.5 22,"рм,редуктор,500,редуктор РМ-500 РМ-500-У3 31.5 22",,,1,31.5,124,0,шт.,22,0,Цилиндрические/Двухступенчатые
9058,,Редуктор РМ-500-У3 31.5 21,,183250,1,,,58,Редуктор РМ-500-У3 31.5 21,Редуктор РМ-500-У3 31.5 21,"рм,редуктор,500,редуктор РМ-500 РМ-500-У3 31.5 21",,,1,31.5,124,0,шт.,21,0,Цилиндрические/Двухступенчатые
9057,,Редуктор РМ-500-У3 31.5 13,,193000,1,,,57,Редуктор РМ-500-У3 31.5 13,Редуктор РМ-500-У3 31.5 13,"рм,редуктор,500,редуктор РМ-500 РМ-500-У3 31.5 13",,,1,31.5,124,0,шт.,13,0,Цилиндрические/Двухступенчатые
9056,,Редуктор РМ-500-У3 31.5 12,,182750,1,,,56,Редуктор РМ-500-У3 31.5 12,Редуктор РМ-500-У3 31.5 12,"рм,редуктор,500,редуктор РМ-500 РМ-500-У3 31.5 12",,,1,31.5,124,0,шт.,12,0,Цилиндрические/Двухступенчатые
9055,,Редуктор РМ-500-У3 31.5 11,,182500,1,,,55,Редуктор РМ-500-У3 31.5 11,Редуктор РМ-500-У3 31.5 11,"рм,редуктор,500,редуктор РМ-500 РМ-500-У3 31.5 11",,,1,31.5,124,0,шт.,11,0,Цилиндрические/Двухступенчатые
9054,,Редуктор РМ-500-У3 25 33,,196250,1,,,54,Редуктор РМ-500-У3 25 33,Редуктор РМ-500-У3 25 33,"рм,редуктор,500,редуктор РМ-500 РМ-500-У3 25 33",,,1,25,124,0,шт.,33,0,Цилиндрические/Двухступенчатые
9053,,Редуктор РМ-500-У3 25 32,,186000,1,,,53,Редуктор РМ-500-У3 25 32,Редуктор РМ-500-У3 25 32,"рм,редуктор,500,редуктор РМ-500 РМ-500-У3 25 32",,,1,25,124,0,шт.,32,0,Цилиндрические/Двухступенчатые
9052,,Редуктор РМ-500-У3 25 31,,185750,1,,,52,Редуктор РМ-500-У3 25 31,Редуктор РМ-500-У3 25 31,"рм,редуктор,500,редуктор РМ-500 РМ-500-У3 25 31",,,1,25,124,0,шт.,31,0,Цилиндрические/Двухступенчатые
9051,,Редуктор РМ-500-У3 25 23,,191500,1,,,51,Редуктор РМ-500-У3 25 23,Редуктор РМ-500-У3 25 23,"рм,редуктор,500,редуктор РМ-500 РМ-500-У3 25 23",,,1,25,124,0,шт.,23,0,Цилиндрические/Двухступенчатые
9050,,Редуктор РМ-500-У3 25 22,,181250,1,,,50,Редуктор РМ-500-У3 25 22,Редуктор РМ-500-У3 25 22,"рм,редуктор,500,редуктор РМ-500 РМ-500-У3 25 22",,,1,25,124,0,шт.,22,0,Цилиндрические/Двухступенчатые
9049,,Редуктор РМ-500-У3 25 21,,181000,1,,,49,Редуктор РМ-500-У3 25 21,Редуктор РМ-500-У3 25 21,"рм,редуктор,500,редуктор РМ-500 РМ-500-У3 25 21",,,1,25,124,0,шт.,21,0,Цилиндрические/Двухступенчатые
9048,,Редуктор РМ-500-У3 25 13,,190750,1,,,48,Редуктор РМ-500-У3 25 13,Редуктор РМ-500-У3 25 13,"рм,редуктор,500,редуктор РМ-500 РМ-500-У3 25 13",,,1,25,124,0,шт.,13,0,Цилиндрические/Двухступенчатые
9047,,Редуктор РМ-500-У3 25 12,,180500,1,,,47,Редуктор РМ-500-У3 25 12,Редуктор РМ-500-У3 25 12,"рм,редуктор,500,редуктор РМ-500 РМ-500-У3 25 12",,,1,25,124,0,шт.,12,0,Цилиндрические/Двухступенчатые
9046,,Редуктор РМ-500-У3 25 11,,180250,1,,,46,Редуктор РМ-500-У3 25 11,Редуктор РМ-500-У3 25 11,"рм,редуктор,500,редуктор РМ-500 РМ-500-У3 25 11",,,1,25,124,0,шт.,11,0,Цилиндрические/Двухступенчатые
9045,,Редуктор РМ-500-У3 20 33,,194000,1,,,45,Редуктор РМ-500-У3 20 33,Редуктор РМ-500-У3 20 33,"рм,редуктор,500,редуктор РМ-500 РМ-500-У3 20 33",,,1,20,1564,0,шт.,33,0,Цилиндрические/Двухступенчатые
9044,,Редуктор РМ-500-У3 20 32,,183750,1,,,44,Редуктор РМ-500-У3 20 32,Редуктор РМ-500-У3 20 32,"рм,редуктор,500,редуктор РМ-500 РМ-500-У3 20 32",,,1,20,1456,0,шт.,32,0,Цилиндрические/Двухступенчатые
9043,,Редуктор РМ-500-У3 20 31,,183500,1,,,43,Редуктор РМ-500-У3 20 31,Редуктор РМ-500-У3 20 31,"рм,редуктор,500,редуктор РМ-500 РМ-500-У3 20 31",,,1,20,1532,0,шт.,31,0,Цилиндрические/Двухступенчатые
9042,,Редуктор РМ-500-У3 20 23,,189250,1,,,42,Редуктор РМ-500-У3 20 23,Редуктор РМ-500-У3 20 23,"рм,редуктор,500,редуктор РМ-500 РМ-500-У3 20 23",,,1,20,121,0,шт.,23,0,Цилиндрические/Двухступенчатые
9041,,Редуктор РМ-500-У3 20 22,,179000,1,,,41,Редуктор РМ-500-У3 20 22,Редуктор РМ-500-У3 20 22,"рм,редуктор,500,редуктор РМ-500 РМ-500-У3 20 22",,,1,20,166,0,шт.,22,0,Цилиндрические/Двухступенчатые
9040,,Редуктор РМ-500-У3 20 21,,178750,1,,,40,Редуктор РМ-500-У3 20 21,Редуктор РМ-500-У3 20 21,"рм,редуктор,500,редуктор РМ-500 РМ-500-У3 20 21",,,1,20,162,0,шт.,21,0,Цилиндрические/Двухступенчатые
9039,,Редуктор РМ-500-У3 20 13,,188500,1,,,39,Редуктор РМ-500-У3 20 13,Редуктор РМ-500-У3 20 13,"рм,редуктор,500,редуктор РМ-500 РМ-500-У3 20 13",,,1,20,456,0,шт.,13,0,Цилиндрические/Двухступенчатые
9038,,Редуктор РМ-500-У3 20 12,,178250,1,,,38,Редуктор РМ-500-У3 20 12,Редуктор РМ-500-У3 20 12,"рм,редуктор,500,редуктор РМ-500 РМ-500-У3 20 12",,,1,20,452,0,шт.,12,0,Цилиндрические/Двухступенчатые
9037,,Редуктор РМ-500-У3 20 11,,178000,1,,,37,Редуктор РМ-500-У3 20 11,Редуктор РМ-500-У3 20 11,"рм,редуктор,500,редуктор РМ-500 РМ-500-У3 20 11",,,1,20,248,0,шт.,11,0,Цилиндрические/Двухступенчатые
9036,,Редуктор РМ-500-У3 16 33,,191750,1,,,36,Редуктор РМ-500-У3 16 33,Редуктор РМ-500-У3 16 33,"рм,редуктор,500,редуктор РМ-500 РМ-500-У3 16 33",,,1,16,125,0,шт.,33,,Цилиндрические/Двухступенчатые
9035,,Редуктор РМ-500-У3 16 32,,181500,1,,,35,Редуктор РМ-500-У3 16 32,Редуктор РМ-500-У3 16 32,"рм,редуктор,500,редуктор РМ-500 РМ-500-У3 16 32",,,1,16,125,0,шт.,32,,Цилиндрические/Двухступенчатые
9034,,Редуктор РМ-500-У3 16 31,,181250,1,,,34,Редуктор РМ-500-У3 16 31,Редуктор РМ-500-У3 16 31,"рм,редуктор,500,редуктор РМ-500 РМ-500-У3 16 31",,,1,16,1565,0,шт.,31,,Цилиндрические/Двухступенчатые
9033,,Редуктор РМ-500-У3 16 23,,187000,1,,,33,Редуктор РМ-500-У3 16 23,Редуктор РМ-500-У3 16 23,"рм,редуктор,500,редуктор РМ-500 РМ-500-У3 16 23",,,1,16,1457,0,шт.,23,,Цилиндрические/Двухступенчатые
9032,,Редуктор РМ-500-У3 16 22,,176750,1,,,32,Редуктор РМ-500-У3 16 22,Редуктор РМ-500-У3 16 22,"рм,редуктор,500,редуктор РМ-500 РМ-500-У3 16 22",,,1,16,1533,0,шт.,22,,Цилиндрические/Двухступенчатые
9031,,Редуктор РМ-500-У3 16 21,,176500,1,,,31,Редуктор РМ-500-У3 16 21,Редуктор РМ-500-У3 16 21,"рм,редуктор,500,редуктор РМ-500 РМ-500-У3 16 21",,,1,16,122,0,шт.,21,,Цилиндрические/Двухступенчатые
9030,,Редуктор РМ-500-У3 16 13,,186250,1,,,30,Редуктор РМ-500-У3 16 13,Редуктор РМ-500-У3 16 13,"рм,редуктор,500,редуктор РМ-500 РМ-500-У3 16 13",,,1,16,167,0,шт.,13,,Цилиндрические/Двухступенчатые
9029,,Редуктор РМ-500-У3 16 12,,176000,1,,,29,Редуктор РМ-500-У3 16 12,Редуктор РМ-500-У3 16 12,"рм,редуктор,500,редуктор РМ-500 РМ-500-У3 16 12",,,1,16,163,0,шт.,12,,Цилиндрические/Двухступенчатые
9028,,Редуктор РМ-500-У3 16 11,,175750,1,,,28,Редуктор РМ-500-У3 16 11,Редуктор РМ-500-У3 16 11,"рм,редуктор,500,редуктор РМ-500 РМ-500-У3 16 11",,,1,16,457,0,шт.,11,,Цилиндрические/Двухступенчатые
9027,,Редуктор РМ-500-У3 12.5 33,,204500,1,,,27,Редуктор РМ-500-У3 12.5 33,Редуктор РМ-500-У3 12.5 33,"рм,редуктор,500,редуктор РМ-500 РМ-500-У3 12.5 33",,,1,12.5,453,0,шт.,33,,Цилиндрические/Двухступенчатые
9026,,Редуктор РМ-500-У3 12.5 32,,194250,1,,,26,Редуктор РМ-500-У3 12.5 32,Редуктор РМ-500-У3 12.5 32,"рм,редуктор,500,редуктор РМ-500 РМ-500-У3 12.5 32",,,1,12.5,249,0,шт.,32,,Цилиндрические/Двухступенчатые
9025,,Редуктор РМ-500-У3 12.5 31,,194000,1,,,25,Редуктор РМ-500-У3 12.5 31,Редуктор РМ-500-У3 12.5 31,"рм,редуктор,500,редуктор РМ-500 РМ-500-У3 12.5 31",,,1,12.5,126,0,шт.,31,,Цилиндрические/Двухступенчатые
9024,,Редуктор РМ-500-У3 12.5 23,,199750,1,,,24,Редуктор РМ-500-У3 12.5 23,Редуктор РМ-500-У3 12.5 23,"рм,редуктор,500,редуктор РМ-500 РМ-500-У3 12.5 23",,,1,12.5,126,0,шт.,23,,Цилиндрические/Двухступенчатые
9023,,Редуктор РМ-500-У3 12.5 22,,189500,1,,,23,Редуктор РМ-500-У3 12.5 22,Редуктор РМ-500-У3 12.5 22,"рм,редуктор,500,редуктор РМ-500 РМ-500-У3 12.5 22",,,1,12.5,1566,0,шт.,22,,Цилиндрические/Двухступенчатые
9022,,Редуктор РМ-500-У3 12.5 21,,189250,1,,,22,Редуктор РМ-500-У3 12.5 21,Редуктор РМ-500-У3 12.5 21,"рм,редуктор,500,редуктор РМ-500 РМ-500-У3 12.5 21",,,1,12.5,1458,0,шт.,21,,Цилиндрические/Двухступенчатые
9021,,Редуктор РМ-500-У3 12.5 13,,199000,1,,,21,Редуктор РМ-500-У3 12.5 13,Редуктор РМ-500-У3 12.5 13,"рм,редуктор,500,редуктор РМ-500 РМ-500-У3 12.5 13",,,1,12.5,1534,0,шт.,13,,Цилиндрические/Двухступенчатые
9020,,Редуктор РМ-500-У3 12.5 12,,188750,1,,,20,Редуктор РМ-500-У3 12.5 12,Редуктор РМ-500-У3 12.5 12,"рм,редуктор,500,редуктор РМ-500 РМ-500-У3 12.5 12",,,1,12.5,123,0,шт.,12,,Цилиндрические/Двухступенчатые
9019,,Редуктор РМ-500-У3 12.5 11,,188500,1,,,19,Редуктор РМ-500-У3 12.5 11,Редуктор РМ-500-У3 12.5 11,"рм,редуктор,500,редуктор РМ-500 РМ-500-У3 12.5 11",,,1,12.5,168,0,шт.,11,,Цилиндрические/Двухступенчатые
9018,,Редуктор РМ-500-У3 10 33,,202250,1,,,18,Редуктор РМ-500-У3 10 33,Редуктор РМ-500-У3 10 33,"рм,редуктор,500,редуктор РМ-500 РМ-500-У3 10 33",,,1,10,164,0,шт.,33,,Цилиндрические/Двухступенчатые
9017,,Редуктор РМ-500-У3 10 32,,192000,1,,,17,Редуктор РМ-500-У3 10 32,Редуктор РМ-500-У3 10 32,"рм,редуктор,500,редуктор РМ-500 РМ-500-У3 10 32",,,1,10,458,0,шт.,32,,Цилиндрические/Двухступенчатые
9016,,Редуктор РМ-500-У3 10 31,,191750,1,,,16,Редуктор РМ-500-У3 10 31,Редуктор РМ-500-У3 10 31,"рм,редуктор,500,редуктор РМ-500 РМ-500-У3 10 31",,,1,10,454,0,шт.,31,,Цилиндрические/Двухступенчатые
9015,,Редуктор РМ-500-У3 10 23,,197500,1,,,15,Редуктор РМ-500-У3 10 23,Редуктор РМ-500-У3 10 23,"рм,редуктор,500,редуктор РМ-500 РМ-500-У3 10 23",,,1,10,250,0,шт.,23,,Цилиндрические/Двухступенчатые
9014,,Редуктор РМ-500-У3 10 22,,187250,1,,,14,Редуктор РМ-500-У3 10 22,Редуктор РМ-500-У3 10 22,"рм,редуктор,500,редуктор РМ-500 РМ-500-У3 10 22",,,1,10,127,0,шт.,22,,Цилиндрические/Двухступенчатые
9013,,Редуктор РМ-500-У3 10 21,,187000,1,,,13,Редуктор РМ-500-У3 10 21,Редуктор РМ-500-У3 10 21,"рм,редуктор,500,редуктор РМ-500 РМ-500-У3 10 21",,,1,10,127,0,шт.,21,,Цилиндрические/Двухступенчатые
9012,,Редуктор РМ-500-У3 10 13,,196750,1,,,12,Редуктор РМ-500-У3 10 13,Редуктор РМ-500-У3 10 13,"рм,редуктор,500,редуктор РМ-500 РМ-500-У3 10 13",,,1,10,1567,0,шт.,13,,Цилиндрические/Двухступенчатые
9011,,Редуктор РМ-500-У3 10 12,,186500,1,,,11,Редуктор РМ-500-У3 10 12,Редуктор РМ-500-У3 10 12,"рм,редуктор,500,редуктор РМ-500 РМ-500-У3 10 12",,,1,10,1459,0,шт.,12,,Цилиндрические/Двухступенчатые
9010,,Редуктор РМ-500-У3 10 11,,186250,1,,,10,Редуктор РМ-500-У3 10 11,Редуктор РМ-500-У3 10 11,"рм,редуктор,500,редуктор РМ-500 РМ-500-У3 10 11",,,1,10,1535,0,шт.,11,,Цилиндрические/Двухступенчатые
9009,,Редуктор РМ-500-У3 8 33,,200000,1,,,9,Редуктор РМ-500-У3 8 33,Редуктор РМ-500-У3 8 33,"рм,редуктор,500,редуктор РМ-500 РМ-500-У3 8 33",,,1,8,124,0,шт.,33,,Цилиндрические/Двухступенчатые
9008,,Редуктор РМ-500-У3 8 32,,189750,1,,,8,Редуктор РМ-500-У3 8 32,Редуктор РМ-500-У3 8 32,"рм,редуктор,500,редуктор РМ-500 РМ-500-У3 8 32",,,1,8,169,0,шт.,32,,Цилиндрические/Двухступенчатые
9007,,Редуктор РМ-500-У3 8 31,,189500,1,,,7,Редуктор РМ-500-У3 8 31,Редуктор РМ-500-У3 8 31,"рм,редуктор,500,редуктор РМ-500 РМ-500-У3 8 31",,,1,8,165,0,шт.,31,,Цилиндрические/Двухступенчатые
9006,,Редуктор РМ-500-У3 8 23,,195250,1,,,6,Редуктор РМ-500-У3 8 23,Редуктор РМ-500-У3 8 23,"рм,редуктор,500,редуктор РМ-500 РМ-500-У3 8 23",,,1,8,459,0,шт.,23,,Цилиндрические/Двухступенчатые
9005,,Редуктор РМ-500-У3 8 22,,185000,1,,,5,Редуктор РМ-500-У3 8 22,Редуктор РМ-500-У3 8 22,"рм,редуктор,500,редуктор РМ-500 РМ-500-У3 8 22",,,1,8,455,0,шт.,22,,Цилиндрические/Двухступенчатые
9004,,Редуктор РМ-500-У3 8 21,,184750,1,,,4,Редуктор РМ-500-У3 8 21,Редуктор РМ-500-У3 8 21,"рм,редуктор,500,редуктор РМ-500 РМ-500-У3 8 21",,,1,8,251,0,шт.,21,,Цилиндрические/Двухступенчатые
9003,,Редуктор РМ-500-У3 8 13,,194500,1,,,3,Редуктор РМ-500-У3 8 13,Редуктор РМ-500-У3 8 13,"рм,редуктор,500,редуктор РМ-500 РМ-500-У3 8 13",,,1,8,128,0,шт.,13,,Цилиндрические/Двухступенчатые
9002,,Редуктор РМ-500-У3 8 12,,184250,1,,,2,Редуктор РМ-500-У3 8 12,Редуктор РМ-500-У3 8 12,"рм,редуктор,500,редуктор РМ-500 РМ-500-У3 8 12",,,1,8,128,0,шт.,12,,Цилиндрические/Двухступенчатые
9001,,Редуктор РМ-500-У3 8 11,,184000,1,,,1,Редуктор РМ-500-У3 8 11,Редуктор РМ-500-У3 8 11,"рм,редуктор,500,редуктор РМ-500 РМ-500-У3 8 11",,,1,8,1568,0,шт.,11,,Цилиндрические/Двухступенчатые
9000,,Редуктор РМ-500-У3,"<p>Представляем вашему вниманию <strong>редуктор РМ-500</strong> — высокоэффективное решение для широкого спектра промышленных задач. Этот редуктор создан с учетом самых современных технологий, что обеспечивает его <strong>долговечность и надежность</strong> в работе. Корпус редуктора выполнен из высококачественных материалов, что дает дополнительную защиту от коррозии и механических повреждений. Его конструкция позволяет максимально эффективно передавать крутящий момент, что способствует значительной экономии энергии и снижению эксплуатационных затрат.

Редуктор РМ-500 прост в установке и обслуживании, что позволяет минимизировать время простоя оборудования и повысить общую производительность системы. Он подходит для использования в различных отраслях, включая машиностроение, металлообработку, транспорт и другие сферы, где требуется надежная передача мощности.

Выбирая <strong>редуктор РМ-500</strong>, вы инвестируете в <strong>передовые технологии и качество</strong>, которые обеспечат бесперебойную работу вашего оборудования на долгие годы. Доверяйте проверенным решениям и улучшайте произ
водительность ваших систем уже сегодня!</p>",168750,1,KG-009-1,"Тип передачи/Цилиндрический#Количество ступеней передачи/Двухступенчатый#Крутящий момент Н*м/1700#КПД, не менее, %/98",1,Редуктор РМ-500 – Надежные и высококачественные редукторы для промышленного оборудования ,"Купите редуктор РМ-500 по выгодной цене. Надежность, долговечность и высокая эффективность для вашего промышленного оборудования. Подходит для различных областей применения. Закажите сейчас! ","рм,редуктор,500,редуктор РМ-500 РМ-500, купить рм,редуктор,500,редуктор РМ-500, промышленные рм,редуктор,500,редуктор РМ-500ы, рм,редуктор,500,редуктор РМ-500ы для оборудования, надежные рм,редуктор,500,редуктор РМ-500ы, рм,редуктор,500,редуктор РМ-500 цена ",/UserFiles/Image/Catalog/rm/Rm_krangear.jpg,"/UserFiles/Image/Catalog/rm/Rm_krangear.jpg,/UserFiles/Image/Catalog/rm/Rm_cborka_krangear.jpg",0,"9001,9002,9003,9004,9005,9006,9007,9008,9009,9010,9011,9012,9013,9014,9015,9016,9017,9018,9019,9020,9021,9022,9023,9024,9025,9026,9027,9028,9029,9030,9031,9032,9033,9034,9035,9036,9037,9038,9039,9040,9041,9042,9043,9044,9045,9046,9047,9048,9049,9050,9051,9052,9053,9054,9055,9056,9057,9058,9059,9060,9061,9062,9063,9064,9065,9066,9067,9068,9069,9070,9071,9072,9073,9074,9075,9076,9077,9078,9079,9080,9081 ",1460,390000,шт.,,"9990,9991,9992,9993,9994,9995,9996,9997,9998,9999",Цилиндрические/Двухступенчатые
